Workbook

Sheet 00_LEER_PRIMERO
A1: Medición agosto 2026 | B1: Medición agosto 2026 | C1: Medición agosto 2026 | D1: Medición agosto 2026 | E1: Medición agosto 2026 | F1: Medición agosto 2026 | G1: Medición agosto 2026 | H1: Medición agosto 2026 | I1: Medición agosto 2026 | J1: Medición agosto 2026
A2: Medición digital no probabilística + modelo electoral · versión para revisión técnica. | B2: Medición digital no probabilística + modelo electoral · versión para revisión técnica. | C2: Medición digital no probabilística + modelo electoral · versión para revisión técnica. | D2: Medición digital no probabilística + modelo electoral · versión para revisión técnica. | E2: Medición digital no probabilística + modelo electoral · versión para revisión técnica. | F2: Medición digital no probabilística + modelo electoral · versión para revisión técnica. | G2: Medición digital no probabilística + modelo electoral · versión para revisión técnica. | H2: Medición digital no probabilística + modelo electoral · versión para revisión técnica. | I2: Medición digital no probabilística + modelo electoral · versión para revisión técnica. | J2: Medición digital no probabilística + modelo electoral · versión para revisión técnica.
A3: VERSIÓN PRELIMINAR · El enlace individual de los registros con el padrón se está reconstruyendo. El resultado actual usa vinculación probabilística. | B3: VERSIÓN PRELIMINAR · El enlace individual de los registros con el padrón se está reconstruyendo. El resultado actual usa vinculación probabilística. | C3: VERSIÓN PRELIMINAR · El enlace individual de los registros con el padrón se está reconstruyendo. El resultado actual usa vinculación probabilística. | D3: VERSIÓN PRELIMINAR · El enlace individual de los registros con el padrón se está reconstruyendo. El resultado actual usa vinculación probabilística. | E3: VERSIÓN PRELIMINAR · El enlace individual de los registros con el padrón se está reconstruyendo. El resultado actual usa vinculación probabilística. | F3: VERSIÓN PRELIMINAR · El enlace individual de los registros con el padrón se está reconstruyendo. El resultado actual usa vinculación probabilística. | G3: VERSIÓN PRELIMINAR · El enlace individual de los registros con el padrón se está reconstruyendo. El resultado actual usa vinculación probabilística. | H3: VERSIÓN PRELIMINAR · El enlace individual de los registros con el padrón se está reconstruyendo. El resultado actual usa vinculación probabilística. | I3: VERSIÓN PRELIMINAR · El enlace individual de los registros con el padrón se está reconstruyendo. El resultado actual usa vinculación probabilística. | J3: VERSIÓN PRELIMINAR · El enlace individual de los registros con el padrón se está reconstruyendo. El resultado actual usa vinculación probabilística.
A5: Resultado actual del modelo | B5: Resultado actual del modelo | C5: Resultado actual del modelo | D5: Resultado actual del modelo | E5: Resultado actual del modelo | F5: Resultado actual del modelo | G5: Resultado actual del modelo | H5: Resultado actual del modelo | I5: Resultado actual del modelo | J5: Resultado actual del modelo
A6: Carlos Pereira Rieve | B6: Carlos Pereira Rieve | C6: Carlos Pereira Rieve | D6: Carlos Pereira Rieve | F6: Sebastian "Cheba" Remesowski | G6: Sebastian "Cheba" Remesowski | H6: Sebastian "Cheba" Remesowski | I6: Sebastian "Cheba" Remesowski
A7: ='01_RESULTADO_AGOSTO'!B8 -> 0.48586581 | F7: ='01_RESULTADO_AGOSTO'!C8 -> 0.51413419
A10: ="Lectura técnica: "&'01_RESULTADO_AGOSTO'!B29&". La diferencia es corta y la competencia permanece abierta." -> Lectura técnica: Sin liderazgo robustamente identificable bajo autoselección no observada. La diferencia es corta y la competencia permanece abierta.
A13: Qué ya está hecho | B13: Qué ya está hecho | C13: Qué ya está hecho | D13: Qué ya está hecho | E13: Qué ya está hecho | F13: Qué falta completar | G13: Qué falta completar | H13: Qué falta completar | I13: Qué falta completar | J13: Qué falta completar
A14: ✓ 3.665 respuestas históricas congeladas ✓ 1.735 Pereira y 1.930 Cheba ✓ 70 votos posteriores separados del estimador ✓ Padrón agregado, calibración, M3 y controles auditables | B14: ✓ 3.665 respuestas históricas congeladas ✓ 1.735 Pereira y 1.930 Cheba ✓ 70 votos posteriores separados del estimador ✓ Padrón agregado, calibración, M3 y controles auditables | C14: ✓ 3.665 respuestas históricas congeladas ✓ 1.735 Pereira y 1.930 Cheba ✓ 70 votos posteriores separados del estimador ✓ Padrón agregado, calibración, M3 y controles auditables | D14: ✓ 3.665 respuestas históricas congeladas ✓ 1.735 Pereira y 1.930 Cheba ✓ 70 votos posteriores separados del estimador ✓ Padrón agregado, calibración, M3 y controles auditables | E14: ✓ 3.665 respuestas históricas congeladas ✓ 1.735 Pereira y 1.930 Cheba ✓ 70 votos posteriores separados del estimador ✓ Padrón agregado, calibración, M3 y controles auditables | F14: El enlace individual con el padrón se está reconstruyendo. Hasta validarlo, cada registro se distribuye probabilísticamente entre celdas compatibles. Luego se recalculará y publicará la versión final. | G14: El enlace individual con el padrón se está reconstruyendo. Hasta validarlo, cada registro se distribuye probabilísticamente entre celdas compatibles. Luego se recalculará y publicará la versión final. | H14: El enlace individual con el padrón se está reconstruyendo. Hasta validarlo, cada registro se distribuye probabilísticamente entre celdas compatibles. Luego se recalculará y publicará la versión final. | I14: El enlace individual con el padrón se está reconstruyendo. Hasta validarlo, cada registro se distribuye probabilísticamente entre celdas compatibles. Luego se recalculará y publicará la versión final. | J14: El enlace individual con el padrón se está reconstruyendo. Hasta validarlo, cada registro se distribuye probabilísticamente entre celdas compatibles. Luego se recalculará y publicará la versión final.
A15: ✓ 3.665 respuestas históricas congeladas ✓ 1.735 Pereira y 1.930 Cheba ✓ 70 votos posteriores separados del estimador ✓ Padrón agregado, calibración, M3 y controles auditables | B15: ✓ 3.665 respuestas históricas congeladas ✓ 1.735 Pereira y 1.930 Cheba ✓ 70 votos posteriores separados del estimador ✓ Padrón agregado, calibración, M3 y controles auditables | C15: ✓ 3.665 respuestas históricas congeladas ✓ 1.735 Pereira y 1.930 Cheba ✓ 70 votos posteriores separados del estimador ✓ Padrón agregado, calibración, M3 y controles auditables | D15: ✓ 3.665 respuestas históricas congeladas ✓ 1.735 Pereira y 1.930 Cheba ✓ 70 votos posteriores separados del estimador ✓ Padrón agregado, calibración, M3 y controles auditables | E15: ✓ 3.665 respuestas históricas congeladas ✓ 1.735 Pereira y 1.930 Cheba ✓ 70 votos posteriores separados del estimador ✓ Padrón agregado, calibración, M3 y controles auditables | F15: El enlace individual con el padrón se está reconstruyendo. Hasta validarlo, cada registro se distribuye probabilísticamente entre celdas compatibles. Luego se recalculará y publicará la versión final. | G15: El enlace individual con el padrón se está reconstruyendo. Hasta validarlo, cada registro se distribuye probabilísticamente entre celdas compatibles. Luego se recalculará y publicará la versión final. | H15: El enlace individual con el padrón se está reconstruyendo. Hasta validarlo, cada registro se distribuye probabilísticamente entre celdas compatibles. Luego se recalculará y publicará la versión final. | I15: El enlace individual con el padrón se está reconstruyendo. Hasta validarlo, cada registro se distribuye probabilísticamente entre celdas compatibles. Luego se recalculará y publicará la versión final. | J15: El enlace individual con el padrón se está reconstruyendo. Hasta validarlo, cada registro se distribuye probabilísticamente entre celdas compatibles. Luego se recalculará y publicará la versión final.
A16: ✓ 3.665 respuestas históricas congeladas ✓ 1.735 Pereira y 1.930 Cheba ✓ 70 votos posteriores separados del estimador ✓ Padrón agregado, calibración, M3 y controles auditables | B16: ✓ 3.665 respuestas históricas congeladas ✓ 1.735 Pereira y 1.930 Cheba ✓ 70 votos posteriores separados del estimador ✓ Padrón agregado, calibración, M3 y controles auditables | C16: ✓ 3.665 respuestas históricas congeladas ✓ 1.735 Pereira y 1.930 Cheba ✓ 70 votos posteriores separados del estimador ✓ Padrón agregado, calibración, M3 y controles auditables | D16: ✓ 3.665 respuestas históricas congeladas ✓ 1.735 Pereira y 1.930 Cheba ✓ 70 votos posteriores separados del estimador ✓ Padrón agregado, calibración, M3 y controles auditables | E16: ✓ 3.665 respuestas históricas congeladas ✓ 1.735 Pereira y 1.930 Cheba ✓ 70 votos posteriores separados del estimador ✓ Padrón agregado, calibración, M3 y controles auditables | F16: El enlace individual con el padrón se está reconstruyendo. Hasta validarlo, cada registro se distribuye probabilísticamente entre celdas compatibles. Luego se recalculará y publicará la versión final. | G16: El enlace individual con el padrón se está reconstruyendo. Hasta validarlo, cada registro se distribuye probabilísticamente entre celdas compatibles. Luego se recalculará y publicará la versión final. | H16: El enlace individual con el padrón se está reconstruyendo. Hasta validarlo, cada registro se distribuye probabilísticamente entre celdas compatibles. Luego se recalculará y publicará la versión final. | I16: El enlace individual con el padrón se está reconstruyendo. Hasta validarlo, cada registro se distribuye probabilísticamente entre celdas compatibles. Luego se recalculará y publicará la versión final. | J16: El enlace individual con el padrón se está reconstruyendo. Hasta validarlo, cada registro se distribuye probabilísticamente entre celdas compatibles. Luego se recalculará y publicará la versión final.
A17: ✓ 3.665 respuestas históricas congeladas ✓ 1.735 Pereira y 1.930 Cheba ✓ 70 votos posteriores separados del estimador ✓ Padrón agregado, calibración, M3 y controles auditables | B17: ✓ 3.665 respuestas históricas congeladas ✓ 1.735 Pereira y 1.930 Cheba ✓ 70 votos posteriores separados del estimador ✓ Padrón agregado, calibración, M3 y controles auditables | C17: ✓ 3.665 respuestas históricas congeladas ✓ 1.735 Pereira y 1.930 Cheba ✓ 70 votos posteriores separados del estimador ✓ Padrón agregado, calibración, M3 y controles auditables | D17: ✓ 3.665 respuestas históricas congeladas ✓ 1.735 Pereira y 1.930 Cheba ✓ 70 votos posteriores separados del estimador ✓ Padrón agregado, calibración, M3 y controles auditables | E17: ✓ 3.665 respuestas históricas congeladas ✓ 1.735 Pereira y 1.930 Cheba ✓ 70 votos posteriores separados del estimador ✓ Padrón agregado, calibración, M3 y controles auditables | F17: El enlace individual con el padrón se está reconstruyendo. Hasta validarlo, cada registro se distribuye probabilísticamente entre celdas compatibles. Luego se recalculará y publicará la versión final. | G17: El enlace individual con el padrón se está reconstruyendo. Hasta validarlo, cada registro se distribuye probabilísticamente entre celdas compatibles. Luego se recalculará y publicará la versión final. | H17: El enlace individual con el padrón se está reconstruyendo. Hasta validarlo, cada registro se distribuye probabilísticamente entre celdas compatibles. Luego se recalculará y publicará la versión final. | I17: El enlace individual con el padrón se está reconstruyendo. Hasta validarlo, cada registro se distribuye probabilísticamente entre celdas compatibles. Luego se recalculará y publicará la versión final. | J17: El enlace individual con el padrón se está reconstruyendo. Hasta validarlo, cada registro se distribuye probabilísticamente entre celdas compatibles. Luego se recalculará y publicará la versión final.
A18: ✓ 3.665 respuestas históricas congeladas ✓ 1.735 Pereira y 1.930 Cheba ✓ 70 votos posteriores separados del estimador ✓ Padrón agregado, calibración, M3 y controles auditables | B18: ✓ 3.665 respuestas históricas congeladas ✓ 1.735 Pereira y 1.930 Cheba ✓ 70 votos posteriores separados del estimador ✓ Padrón agregado, calibración, M3 y controles auditables | C18: ✓ 3.665 respuestas históricas congeladas ✓ 1.735 Pereira y 1.930 Cheba ✓ 70 votos posteriores separados del estimador ✓ Padrón agregado, calibración, M3 y controles auditables | D18: ✓ 3.665 respuestas históricas congeladas ✓ 1.735 Pereira y 1.930 Cheba ✓ 70 votos posteriores separados del estimador ✓ Padrón agregado, calibración, M3 y controles auditables | E18: ✓ 3.665 respuestas históricas congeladas ✓ 1.735 Pereira y 1.930 Cheba ✓ 70 votos posteriores separados del estimador ✓ Padrón agregado, calibración, M3 y controles auditables | F18: El enlace individual con el padrón se está reconstruyendo. Hasta validarlo, cada registro se distribuye probabilísticamente entre celdas compatibles. Luego se recalculará y publicará la versión final. | G18: El enlace individual con el padrón se está reconstruyendo. Hasta validarlo, cada registro se distribuye probabilísticamente entre celdas compatibles. Luego se recalculará y publicará la versión final. | H18: El enlace individual con el padrón se está reconstruyendo. Hasta validarlo, cada registro se distribuye probabilísticamente entre celdas compatibles. Luego se recalculará y publicará la versión final. | I18: El enlace individual con el padrón se está reconstruyendo. Hasta validarlo, cada registro se distribuye probabilísticamente entre celdas compatibles. Luego se recalculará y publicará la versión final. | J18: El enlace individual con el padrón se está reconstruyendo. Hasta validarlo, cada registro se distribuye probabilísticamente entre celdas compatibles. Luego se recalculará y publicará la versión final.
A20: Cómo se construye el resultado | B20: Cómo se construye el resultado | C20: Cómo se construye el resultado | D20: Cómo se construye el resultado | E20: Cómo se construye el resultado | F20: Cómo se construye el resultado | G20: Cómo se construye el resultado | H20: Cómo se construye el resultado | I20: Cómo se construye el resultado | J20: Cómo se construye el resultado
A21: 1 · BASE 3.665 respuestas históricas Corte w04 congelado | B21: 1 · BASE 3.665 respuestas históricas Corte w04 congelado | C21: 2 · VÍNCULO Asignación probabilística a celdas del padrón En reconstrucción individual | D21: 2 · VÍNCULO Asignación probabilística a celdas del padrón En reconstrucción individual | E21: 2 · VÍNCULO Asignación probabilística a celdas del padrón En reconstrucción individual | F21: 3 · AJUSTE Calibración + modelo MRP Sexo, edad y territorio | G21: 3 · AJUSTE Calibración + modelo MRP Sexo, edad y territorio | H21: 4 · RESULTADO Estimación bilateral actual Condicionada al vínculo | I21: 4 · RESULTADO Estimación bilateral actual Condicionada al vínculo | J21: 4 · RESULTADO Estimación bilateral actual Condicionada al vínculo
A22: 1 · BASE 3.665 respuestas históricas Corte w04 congelado | B22: 1 · BASE 3.665 respuestas históricas Corte w04 congelado | C22: 2 · VÍNCULO Asignación probabilística a celdas del padrón En reconstrucción individual | D22: 2 · VÍNCULO Asignación probabilística a celdas del padrón En reconstrucción individual | E22: 2 · VÍNCULO Asignación probabilística a celdas del padrón En reconstrucción individual | F22: 3 · AJUSTE Calibración + modelo MRP Sexo, edad y territorio | G22: 3 · AJUSTE Calibración + modelo MRP Sexo, edad y territorio | H22: 4 · RESULTADO Estimación bilateral actual Condicionada al vínculo | I22: 4 · RESULTADO Estimación bilateral actual Condicionada al vínculo | J22: 4 · RESULTADO Estimación bilateral actual Condicionada al vínculo
A23: 1 · BASE 3.665 respuestas históricas Corte w04 congelado | B23: 1 · BASE 3.665 respuestas históricas Corte w04 congelado | C23: 2 · VÍNCULO Asignación probabilística a celdas del padrón En reconstrucción individual | D23: 2 · VÍNCULO Asignación probabilística a celdas del padrón En reconstrucción individual | E23: 2 · VÍNCULO Asignación probabilística a celdas del padrón En reconstrucción individual | F23: 3 · AJUSTE Calibración + modelo MRP Sexo, edad y territorio | G23: 3 · AJUSTE Calibración + modelo MRP Sexo, edad y territorio | H23: 4 · RESULTADO Estimación bilateral actual Condicionada al vínculo | I23: 4 · RESULTADO Estimación bilateral actual Condicionada al vínculo | J23: 4 · RESULTADO Estimación bilateral actual Condicionada al vínculo
A24: 1 · BASE 3.665 respuestas históricas Corte w04 congelado | B24: 1 · BASE 3.665 respuestas históricas Corte w04 congelado | C24: 2 · VÍNCULO Asignación probabilística a celdas del padrón En reconstrucción individual | D24: 2 · VÍNCULO Asignación probabilística a celdas del padrón En reconstrucción individual | E24: 2 · VÍNCULO Asignación probabilística a celdas del padrón En reconstrucción individual | F24: 3 · AJUSTE Calibración + modelo MRP Sexo, edad y territorio | G24: 3 · AJUSTE Calibración + modelo MRP Sexo, edad y territorio | H24: 4 · RESULTADO Estimación bilateral actual Condicionada al vínculo | I24: 4 · RESULTADO Estimación bilateral actual Condicionada al vínculo | J24: 4 · RESULTADO Estimación bilateral actual Condicionada al vínculo
A26: Dónde mirar | B26: Dónde mirar | C26: Dónde mirar | D26: Dónde mirar | E26: Dónde mirar | F26: Dónde mirar | G26: Dónde mirar | H26: Dónde mirar | I26: Dónde mirar | J26: Dónde mirar
... A35: Uso correcto: sirve para revisar el método y la dirección actual del resultado. Los porcentajes son provisionales y pueden cambiar cuando termine el enlace individual al padrón. | B35: Uso correcto: sirve para revisar el método y la dirección actual del resultado. Los porcentajes son provisionales y pueden cambiar cuando termine el enlace individual al padrón. | C35: Uso correcto: sirve para revisar el método y la dirección actual del resultado. Los porcentajes son provisionales y pueden cambiar cuando termine el enlace individual al padrón. | D35: Uso correcto: sirve para revisar el método y la dirección actual del resultado. Los porcentajes son provisionales y pueden cambiar cuando termine el enlace individual al padrón. | E35: Uso correcto: sirve para revisar el método y la dirección actual del resultado. Los porcentajes son provisionales y pueden cambiar cuando termine el enlace individual al padrón. | F35: Uso correcto: sirve para revisar el método y la dirección actual del resultado. Los porcentajes son provisionales y pueden cambiar cuando termine el enlace individual al padrón. | G35: Uso correcto: sirve para revisar el método y la dirección actual del resultado. Los porcentajes son provisionales y pueden cambiar cuando termine el enlace individual al padrón. | H35: Uso correcto: sirve para revisar el método y la dirección actual del resultado. Los porcentajes son provisionales y pueden cambiar cuando termine el enlace individual al padrón. | I35: Uso correcto: sirve para revisar el método y la dirección actual del resultado. Los porcentajes son provisionales y pueden cambiar cuando termine el enlace individual al padrón. | J35: Uso correcto: sirve para revisar el método y la dirección actual del resultado. Los porcentajes son provisionales y pueden cambiar cuando termine el enlace individual al padrón.

Sheet 01_RESULTADO_AGOSTO
A1: Resultado bilateral — agosto 2026 | B1: Resultado bilateral — agosto 2026 | C1: Resultado bilateral — agosto 2026 | D1: Resultado bilateral — agosto 2026 | E1: Resultado bilateral — agosto 2026 | F1: Resultado bilateral — agosto 2026 | G1: Resultado bilateral — agosto 2026 | H1: Resultado bilateral — agosto 2026 | I1: Resultado bilateral — agosto 2026 | J1: Resultado bilateral — agosto 2026 | K1: Resultado bilateral — agosto 2026 | L1: Resultado bilateral — agosto 2026
A2: El centro principal es M3 para el electorado registrado. Votantes probables es un escenario secundario basado en participación municipal histórica de 2021 por sexo y edad. | B2: El centro principal es M3 para el electorado registrado. Votantes probables es un escenario secundario basado en participación municipal histórica de 2021 por sexo y edad. | C2: El centro principal es M3 para el electorado registrado. Votantes probables es un escenario secundario basado en participación municipal histórica de 2021 por sexo y edad. | D2: El centro principal es M3 para el electorado registrado. Votantes probables es un escenario secundario basado en participación municipal histórica de 2021 por sexo y edad. | E2: El centro principal es M3 para el electorado registrado. Votantes probables es un escenario secundario basado en participación municipal histórica de 2021 por sexo y edad. | F2: El centro principal es M3 para el electorado registrado. Votantes probables es un escenario secundario basado en participación municipal histórica de 2021 por sexo y edad. | G2: El centro principal es M3 para el electorado registrado. Votantes probables es un escenario secundario basado en participación municipal histórica de 2021 por sexo y edad. | H2: El centro principal es M3 para el electorado registrado. Votantes probables es un escenario secundario basado en participación municipal histórica de 2021 por sexo y edad. | I2: El centro principal es M3 para el electorado registrado. Votantes probables es un escenario secundario basado en participación municipal histórica de 2021 por sexo y edad. | J2: El centro principal es M3 para el electorado registrado. Votantes probables es un escenario secundario basado en participación municipal histórica de 2021 por sexo y edad. | K2: El centro principal es M3 para el electorado registrado. Votantes probables es un escenario secundario basado en participación municipal histórica de 2021 por sexo y edad. | L2: El centro principal es M3 para el electorado registrado. Votantes probables es un escenario secundario basado en participación municipal histórica de 2021 por sexo y edad.
A3: VERSIÓN PRELIMINAR · Resultado condicionado al enlace individual probabilístico; el enlace con el padrón se está reconstruyendo. | B3: VERSIÓN PRELIMINAR · Resultado condicionado al enlace individual probabilístico; el enlace con el padrón se está reconstruyendo. | C3: VERSIÓN PRELIMINAR · Resultado condicionado al enlace individual probabilístico; el enlace con el padrón se está reconstruyendo. | D3: VERSIÓN PRELIMINAR · Resultado condicionado al enlace individual probabilístico; el enlace con el padrón se está reconstruyendo. | E3: VERSIÓN PRELIMINAR · Resultado condicionado al enlace individual probabilístico; el enlace con el padrón se está reconstruyendo. | F3: VERSIÓN PRELIMINAR · Resultado condicionado al enlace individual probabilístico; el enlace con el padrón se está reconstruyendo. | G3: VERSIÓN PRELIMINAR · Resultado condicionado al enlace individual probabilístico; el enlace con el padrón se está reconstruyendo. | H3: VERSIÓN PRELIMINAR · Resultado condicionado al enlace individual probabilístico; el enlace con el padrón se está reconstruyendo. | I3: VERSIÓN PRELIMINAR · Resultado condicionado al enlace individual probabilístico; el enlace con el padrón se está reconstruyendo. | J3: VERSIÓN PRELIMINAR · Resultado condicionado al enlace individual probabilístico; el enlace con el padrón se está reconstruyendo. | K3: VERSIÓN PRELIMINAR · Resultado condicionado al enlace individual probabilístico; el enlace con el padrón se está reconstruyendo. | L3: VERSIÓN PRELIMINAR · Resultado condicionado al enlace individual probabilístico; el enlace con el padrón se está reconstruyendo.
A4: Escalones principales | B4: Escalones principales | C4: Escalones principales | D4: Escalones principales | E4: Escalones principales | F4: Escalones principales | G4: Escalones principales | H4: Escalones principales | J4: Estimando | K4: Carlos Pereira Rieve | L4: Sebastian "Cheba" Remesowski
A5: Estimador | B5: Pereira | C5: Remesowski | D5: Brecha P−R (pp) | E5: P2,5 Pereira | F5: P97,5 Pereira | G5: Base | H5: Lectura | J5: Principal: registrados | K5: =B8 -> 0.48586581 | L5: =C8 -> 0.51413419
A6: Bruto | B6: =AVERAGE('09_BASE_AUDITABLE'!$B$2:$B$3666) -> 0.473397 | C6: =1-B6 -> 0.526603 | D6: =(B6-C6)*100 -> -5.3206003 | G6: 3665 | H6: Señal observada | J6: Secundario: participación municipal histórica de 2021 por sexo y edad | K6: =B9 -> 0.47895192 | L6: =C9 -> 0.52104808
A7: Calibrado P99 | B7: =SUMPRODUCT('09_BASE_AUDITABLE'!$B$2:$B$3666,'09_BASE_AUDITABLE'!$H$2:$H$3666)/SUM('09_BASE_AUDITABLE'!$H$2:$H$3666) -> 0.48788911 | C7: =1-B7 -> 0.51211089 | D7: =(B7-C7)*100 -> -2.4221781 | G7: 3665 | H7: Composición observable
A8: M3 registrados | B8: =AVERAGE('09_BASE_AUDITABLE'!$AA$2:$AA$4001) -> 0.48586581 | C8: =1-B8 -> 0.51413419 | D8: =(B8-C8)*100 -> -2.8268387 | E8: =PERCENTILE('09_BASE_AUDITABLE'!$AA$2:$AA$4001,0.025) -> 0.46890807 | F8: =PERCENTILE('09_BASE_AUDITABLE'!$AA$2:$AA$4001,0.975) -> 0.50249399 | G8: 4000 | H8: Estimando principal
A9: M3 votantes probables | B9: =AVERAGE('09_BASE_AUDITABLE'!$AE$2:$AE$4001) -> 0.47895192 | C9: =1-B9 -> 0.52104808 | D9: =(B9-C9)*100 -> -4.2096158 | E9: =PERCENTILE('09_BASE_AUDITABLE'!$AE$2:$AE$4001,0.025) -> 0.46222293 | F9: =PERCENTILE('09_BASE_AUDITABLE'!$AE$2:$AE$4001,0.975) -> 0.49540912 | G9: 4000 | H9: Escenario secundario: participación municipal histórica de 2021 por sexo y edad
A23: Tres niveles de incertidumbre | B23: Tres niveles de incertidumbre | C23: Tres niveles de incertidumbre | D23: Tres niveles de incertidumbre | E23: Tres niveles de incertidumbre | F23: Tres niveles de incertidumbre | G23: Tres niveles de incertidumbre | H23: Tres niveles de incertidumbre
A24: Nivel | B24: Qué mide | C24: Cómo se presenta | D24: Qué no afirma
A25: 1. Centro operativo | B25: Preferencia bilateral condicionada | C25: M3 electorado registrado | D25: No predice el resultado electoral
A26: 2. Intervalo condicional | B26: Variación posterior del modelo | C26: P2,5–P97,5 | D26: No es margen de error muestral
A27: 3. Incertidumbre estructural | B27: Autoselección y vínculo | C27: Curva Γ y sensibilidades | D27: No desaparece por ponderar
A28: Lectura condicional | B28: =IF(E8>0.5,"Ventaja condicional de Pereira entre registrados",IF(F8<0.5,"Ventaja condicional de Cheba entre registrados","Paridad condicional entre registrados")) -> Paridad condicional entre registrados | C28: Según el intervalo P2,5–P97,5 de M3 entre registrados | D28: No equivale a liderazgo robusto
A29: Conclusión de difusión | B29: =IF(MIN('07_SENSIBILIDAD'!D6:D12)>0.5,"Ventaja robusta de Pereira",IF(MAX('07_SENSIBILIDAD'!E6:E12)<0.5,"Ventaja robusta de Cheba","Sin liderazgo robustamente identificable bajo autoselección no observada")) -> Sin liderazgo robustamente identificable bajo autoselección no observada | C29: Exige estabilidad frente a sensibilidad Γ | D29: No es probabilidad de ganar
A32: Los intervalos P2,5–P97,5 son condicionales al modelo y a sus insumos. El escenario de participación municipal histórica de 2021 por sexo y edad queda separado y no sustituye al resultado principal entre registrados. | B32: Los intervalos P2,5–P97,5 son condicionales al modelo y a sus insumos. El escenario de participación municipal histórica de 2021 por sexo y edad queda separado y no sustituye al resultado principal entre registrados. | C32: Los intervalos P2,5–P97,5 son condicionales al modelo y a sus insumos. El escenario de participación municipal histórica de 2021 por sexo y edad queda separado y no sustituye al resultado principal entre registrados. | D32: Los intervalos P2,5–P97,5 son condicionales al modelo y a sus insumos. El escenario de participación municipal histórica de 2021 por sexo y edad queda separado y no sustituye al resultado principal entre registrados. | E32: Los intervalos P2,5–P97,5 son condicionales al modelo y a sus insumos. El escenario de participación municipal histórica de 2021 por sexo y edad queda separado y no sustituye al resultado principal entre registrados. | F32: Los intervalos P2,5–P97,5 son condicionales al modelo y a sus insumos. El escenario de participación municipal histórica de 2021 por sexo y edad queda separado y no sustituye al resultado principal entre registrados. | G32: Los intervalos P2,5–P97,5 son condicionales al modelo y a sus insumos. El escenario de participación municipal histórica de 2021 por sexo y edad queda separado y no sustituye al resultado principal entre registrados. | H32: Los intervalos P2,5–P97,5 son condicionales al modelo y a sus insumos. El escenario de participación municipal histórica de 2021 por sexo y edad queda separado y no sustituye al resultado principal entre registrados.
A33: Los intervalos P2,5–P97,5 son condicionales al modelo y a sus insumos. El escenario de participación municipal histórica de 2021 por sexo y edad queda separado y no sustituye al resultado principal entre registrados. | B33: Los intervalos P2,5–P97,5 son condicionales al modelo y a sus insumos. El escenario de participación municipal histórica de 2021 por sexo y edad queda separado y no sustituye al resultado principal entre registrados. | C33: Los intervalos P2,5–P97,5 son condicionales al modelo y a sus insumos. El escenario de participación municipal histórica de 2021 por sexo y edad queda separado y no sustituye al resultado principal entre registrados. | D33: Los intervalos P2,5–P97,5 son condicionales al modelo y a sus insumos. El escenario de participación municipal histórica de 2021 por sexo y edad queda separado y no sustituye al resultado principal entre registrados. | E33: Los intervalos P2,5–P97,5 son condicionales al modelo y a sus insumos. El escenario de participación municipal histórica de 2021 por sexo y edad queda separado y no sustituye al resultado principal entre registrados. | F33: Los intervalos P2,5–P97,5 son condicionales al modelo y a sus insumos. El escenario de participación municipal histórica de 2021 por sexo y edad queda separado y no sustituye al resultado principal entre registrados. | G33: Los intervalos P2,5–P97,5 son condicionales al modelo y a sus insumos. El escenario de participación municipal histórica de 2021 por sexo y edad queda separado y no sustituye al resultado principal entre registrados. | H33: Los intervalos P2,5–P97,5 son condicionales al modelo y a sus insumos. El escenario de participación municipal histórica de 2021 por sexo y edad queda separado y no sustituye al resultado principal entre registrados.
A34: Los intervalos P2,5–P97,5 son condicionales al modelo y a sus insumos. El escenario de participación municipal histórica de 2021 por sexo y edad queda separado y no sustituye al resultado principal entre registrados. | B34: Los intervalos P2,5–P97,5 son condicionales al modelo y a sus insumos. El escenario de participación municipal histórica de 2021 por sexo y edad queda separado y no sustituye al resultado principal entre registrados. | C34: Los intervalos P2,5–P97,5 son condicionales al modelo y a sus insumos. El escenario de participación municipal histórica de 2021 por sexo y edad queda separado y no sustituye al resultado principal entre registrados. | D34: Los intervalos P2,5–P97,5 son condicionales al modelo y a sus insumos. El escenario de participación municipal histórica de 2021 por sexo y edad queda separado y no sustituye al resultado principal entre registrados. | E34: Los intervalos P2,5–P97,5 son condicionales al modelo y a sus insumos. El escenario de participación municipal histórica de 2021 por sexo y edad queda separado y no sustituye al resultado principal entre registrados. | F34: Los intervalos P2,5–P97,5 son condicionales al modelo y a sus insumos. El escenario de participación municipal histórica de 2021 por sexo y edad queda separado y no sustituye al resultado principal entre registrados. | G34: Los intervalos P2,5–P97,5 son condicionales al modelo y a sus insumos. El escenario de participación municipal histórica de 2021 por sexo y edad queda separado y no sustituye al resultado principal entre registrados. | H34: Los intervalos P2,5–P97,5 son condicionales al modelo y a sus insumos. El escenario de participación municipal histórica de 2021 por sexo y edad queda separado y no sustituye al resultado principal entre registrados.
A35: Los intervalos P2,5–P97,5 son condicionales al modelo y a sus insumos. El escenario de participación municipal histórica de 2021 por sexo y edad queda separado y no sustituye al resultado principal entre registrados. | B35: Los intervalos P2,5–P97,5 son condicionales al modelo y a sus insumos. El escenario de participación municipal histórica de 2021 por sexo y edad queda separado y no sustituye al resultado principal entre registrados. | C35: Los intervalos P2,5–P97,5 son condicionales al modelo y a sus insumos. El escenario de participación municipal histórica de 2021 por sexo y edad queda separado y no sustituye al resultado principal entre registrados. | D35: Los intervalos P2,5–P97,5 son condicionales al modelo y a sus insumos. El escenario de participación municipal histórica de 2021 por sexo y edad queda separado y no sustituye al resultado principal entre registrados. | E35: Los intervalos P2,5–P97,5 son condicionales al modelo y a sus insumos. El escenario de participación municipal histórica de 2021 por sexo y edad queda separado y no sustituye al resultado principal entre registrados. | F35: Los intervalos P2,5–P97,5 son condicionales al modelo y a sus insumos. El escenario de participación municipal histórica de 2021 por sexo y edad queda separado y no sustituye al resultado principal entre registrados. | G35: Los intervalos P2,5–P97,5 son condicionales al modelo y a sus insumos. El escenario de participación municipal histórica de 2021 por sexo y edad queda separado y no sustituye al resultado principal entre registrados. | H35: Los intervalos P2,5–P97,5 son condicionales al modelo y a sus insumos. El escenario de participación municipal histórica de 2021 por sexo y edad queda separado y no sustituye al resultado principal entre registrados.

Sheet 02_ESCALERA_AJUSTES
A1: Escalera de ajustes | B1: Escalera de ajustes | C1: Escalera de ajustes | D1: Escalera de ajustes | E1: Escalera de ajustes | F1: Escalera de ajustes | G1: Escalera de ajustes | H1: Escalera de ajustes | I1: Escalera de ajustes | J1: Escalera de ajustes | K1: Escalera de ajustes
A2: Cada fila añade una corrección identificable. La convergencia entre estimadores es evidencia interna; no convierte la muestra en probabilística. | B2: Cada fila añade una corrección identificable. La convergencia entre estimadores es evidencia interna; no convierte la muestra en probabilística. | C2: Cada fila añade una corrección identificable. La convergencia entre estimadores es evidencia interna; no convierte la muestra en probabilística. | D2: Cada fila añade una corrección identificable. La convergencia entre estimadores es evidencia interna; no convierte la muestra en probabilística. | E2: Cada fila añade una corrección identificable. La convergencia entre estimadores es evidencia interna; no convierte la muestra en probabilística. | F2: Cada fila añade una corrección identificable. La convergencia entre estimadores es evidencia interna; no convierte la muestra en probabilística. | G2: Cada fila añade una corrección identificable. La convergencia entre estimadores es evidencia interna; no convierte la muestra en probabilística. | H2: Cada fila añade una corrección identificable. La convergencia entre estimadores es evidencia interna; no convierte la muestra en probabilística. | I2: Cada fila añade una corrección identificable. La convergencia entre estimadores es evidencia interna; no convierte la muestra en probabilística. | J2: Cada fila añade una corrección identificable. La convergencia entre estimadores es evidencia interna; no convierte la muestra en probabilística. | K2: Cada fila añade una corrección identificable. La convergencia entre estimadores es evidencia interna; no convierte la muestra en probabilística.
A5: Estimador | B5: Registrados | C5: Votantes probables | D5: Δ vs bruto (pp) | E5: Ajuste incorporado | F5: Fuente
A6: Bruto | B6: =AVERAGE('09_BASE_AUDITABLE'!$B$2:$B$3666) -> 0.473397 | C6: NO CALCULADO | D6: =(B6-$B$6)*100 -> 0 | E6: Ninguno | F6: Observaciones
A7: Rake sin truncar | B7: =SUMPRODUCT('09_BASE_AUDITABLE'!$B$2:$B$3666,'09_BASE_AUDITABLE'!$G$2:$G$3666)/SUM('09_BASE_AUDITABLE'!$G$2:$G$3666) -> 0.48881865 | C7: NO CALCULADO | D7: =(B7-$B$6)*100 -> 1.5421647 | E7: Sexo×edad y local | F7: Pesos
A8: Rake P99 | B8: =SUMPRODUCT('09_BASE_AUDITABLE'!$B$2:$B$3666,'09_BASE_AUDITABLE'!$H$2:$H$3666)/SUM('09_BASE_AUDITABLE'!$H$2:$H$3666) -> 0.48788911 | C8: NO CALCULADO | D8: =(B8-$B$6)*100 -> 1.4492111 | E8: Rake + control de extremos | F8: Pesos
A9: Rake P95 | B9: =SUMPRODUCT('09_BASE_AUDITABLE'!$B$2:$B$3666,'09_BASE_AUDITABLE'!$I$2:$I$3666)/SUM('09_BASE_AUDITABLE'!$I$2:$I$3666) -> 0.48836361 | C9: NO CALCULADO | D9: =(B9-$B$6)*100 -> 1.4966606 | E9: Estrés de truncamiento | F9: Pesos
A10: M1 | B10: =AVERAGE('09_BASE_AUDITABLE'!$Y$2:$Y$4001) -> 0.48602533 | C10: =AVERAGE('09_BASE_AUDITABLE'!$AC$2:$AC$4001) -> 0.47916707 | D10: =(B10-$B$6)*100 -> 1.2628331 | E10: Sexo + edad + local | F10: Simulaciones
A11: M2 | B11: =AVERAGE('09_BASE_AUDITABLE'!$Z$2:$Z$4001) -> 0.48606362 | C11: =AVERAGE('09_BASE_AUDITABLE'!$AD$2:$AD$4001) -> 0.47912558 | D11: =(B11-$B$6)*100 -> 1.2666618 | E11: M1 + sexo×edad | F11: Simulaciones
A12: M3 primario | B12: =AVERAGE('09_BASE_AUDITABLE'!$AA$2:$AA$4001) -> 0.48586581 | C12: =AVERAGE('09_BASE_AUDITABLE'!$AE$2:$AE$4001) -> 0.47895192 | D12: =(B12-$B$6)*100 -> 1.2468808 | E12: M2 + mesa anidada | F12: Simulaciones
A13: M4 robustez P99 | B13: =AVERAGE('09_BASE_AUDITABLE'!$AB$2:$AB$4001) -> 0.48852355 | C13: =AVERAGE('09_BASE_AUDITABLE'!$AF$2:$AF$4001) -> 0.48423937 | D13: =(B13-$B$6)*100 -> 1.5126551 | E13: M3 + pseudo-verosimilitud calibrada | F13: Simulaciones
A16: Lectura del ajuste | B16: Lectura del ajuste | C16: Lectura del ajuste | D16: Lectura del ajuste | E16: Lectura del ajuste | F16: Lectura del ajuste
A17: M1–M4 usan regresión logística bayesiana regularizada con efectos de sexo, edad, local y mesa, seguida de postestratificación; escalas territoriales/mesa fijadas, no hiperparámetros aprendidos. M3 es el estimador inferencial primario ajustado con NUTS. M4 se informa como robustez por selección observable. | B17: M1–M4 usan regresión logística bayesiana regularizada con efectos de sexo, edad, local y mesa, seguida de postestratificación; escalas territoriales/mesa fijadas, no hiperparámetros aprendidos. M3 es el estimador inferencial primario ajustado con NUTS. M4 se informa como robustez por selección observable. | C17: M1–M4 usan regresión logística bayesiana regularizada con efectos de sexo, edad, local y mesa, seguida de postestratificación; escalas territoriales/mesa fijadas, no hiperparámetros aprendidos. M3 es el estimador inferencial primario ajustado con NUTS. M4 se informa como robustez por selección observable. | D17: M1–M4 usan regresión logística bayesiana regularizada con efectos de sexo, edad, local y mesa, seguida de postestratificación; escalas territoriales/mesa fijadas, no hiperparámetros aprendidos. M3 es el estimador inferencial primario ajustado con NUTS. M4 se informa como robustez por selección observable. | E17: M1–M4 usan regresión logística bayesiana regularizada con efectos de sexo, edad, local y mesa, seguida de postestratificación; escalas territoriales/mesa fijadas, no hiperparámetros aprendidos. M3 es el estimador inferencial primario ajustado con NUTS. M4 se informa como robustez por selección observable. | F17: M1–M4 usan regresión logística bayesiana regularizada con efectos de sexo, edad, local y mesa, seguida de postestratificación; escalas territoriales/mesa fijadas, no hiperparámetros aprendidos. M3 es el estimador inferencial primario ajustado con NUTS. M4 se informa como robustez por selección observable.
A18: M1–M4 usan regresión logística bayesiana regularizada con efectos de sexo, edad, local y mesa, seguida de postestratificación; escalas territoriales/mesa fijadas, no hiperparámetros aprendidos. M3 es el estimador inferencial primario ajustado con NUTS. M4 se informa como robustez por selección observable. | B18: M1–M4 usan regresión logística bayesiana regularizada con efectos de sexo, edad, local y mesa, seguida de postestratificación; escalas territoriales/mesa fijadas, no hiperparámetros aprendidos. M3 es el estimador inferencial primario ajustado con NUTS. M4 se informa como robustez por selección observable. | C18: M1–M4 usan regresión logística bayesiana regularizada con efectos de sexo, edad, local y mesa, seguida de postestratificación; escalas territoriales/mesa fijadas, no hiperparámetros aprendidos. M3 es el estimador inferencial primario ajustado con NUTS. M4 se informa como robustez por selección observable. | D18: M1–M4 usan regresión logística bayesiana regularizada con efectos de sexo, edad, local y mesa, seguida de postestratificación; escalas territoriales/mesa fijadas, no hiperparámetros aprendidos. M3 es el estimador inferencial primario ajustado con NUTS. M4 se informa como robustez por selección observable. | E18: M1–M4 usan regresión logística bayesiana regularizada con efectos de sexo, edad, local y mesa, seguida de postestratificación; escalas territoriales/mesa fijadas, no hiperparámetros aprendidos. M3 es el estimador inferencial primario ajustado con NUTS. M4 se informa como robustez por selección observable. | F18: M1–M4 usan regresión logística bayesiana regularizada con efectos de sexo, edad, local y mesa, seguida de postestratificación; escalas territoriales/mesa fijadas, no hiperparámetros aprendidos. M3 es el estimador inferencial primario ajustado con NUTS. M4 se informa como robustez por selección observable.
A19: M1–M4 usan regresión logística bayesiana regularizada con efectos de sexo, edad, local y mesa, seguida de postestratificación; escalas territoriales/mesa fijadas, no hiperparámetros aprendidos. M3 es el estimador inferencial primario ajustado con NUTS. M4 se informa como robustez por selección observable. | B19: M1–M4 usan regresión logística bayesiana regularizada con efectos de sexo, edad, local y mesa, seguida de postestratificación; escalas territoriales/mesa fijadas, no hiperparámetros aprendidos. M3 es el estimador inferencial primario ajustado con NUTS. M4 se informa como robustez por selección observable. | C19: M1–M4 usan regresión logística bayesiana regularizada con efectos de sexo, edad, local y mesa, seguida de postestratificación; escalas territoriales/mesa fijadas, no hiperparámetros aprendidos. M3 es el estimador inferencial primario ajustado con NUTS. M4 se informa como robustez por selección observable. | D19: M1–M4 usan regresión logística bayesiana regularizada con efectos de sexo, edad, local y mesa, seguida de postestratificación; escalas territoriales/mesa fijadas, no hiperparámetros aprendidos. M3 es el estimador inferencial primario ajustado con NUTS. M4 se informa como robustez por selección observable. | E19: M1–M4 usan regresión logística bayesiana regularizada con efectos de sexo, edad, local y mesa, seguida de postestratificación; escalas territoriales/mesa fijadas, no hiperparámetros aprendidos. M3 es el estimador inferencial primario ajustado con NUTS. M4 se informa como robustez por selección observable. | F19: M1–M4 usan regresión logística bayesiana regularizada con efectos de sexo, edad, local y mesa, seguida de postestratificación; escalas territoriales/mesa fijadas, no hiperparámetros aprendidos. M3 es el estimador inferencial primario ajustado con NUTS. M4 se informa como robustez por selección observable.
A20: M1–M4 usan regresión logística bayesiana regularizada con efectos de sexo, edad, local y mesa, seguida de postestratificación; escalas territoriales/mesa fijadas, no hiperparámetros aprendidos. M3 es el estimador inferencial primario ajustado con NUTS. M4 se informa como robustez por selección observable. | B20: M1–M4 usan regresión logística bayesiana regularizada con efectos de sexo, edad, local y mesa, seguida de postestratificación; escalas territoriales/mesa fijadas, no hiperparámetros aprendidos. M3 es el estimador inferencial primario ajustado con NUTS. M4 se informa como robustez por selección observable. | C20: M1–M4 usan regresión logística bayesiana regularizada con efectos de sexo, edad, local y mesa, seguida de postestratificación; escalas territoriales/mesa fijadas, no hiperparámetros aprendidos. M3 es el estimador inferencial primario ajustado con NUTS. M4 se informa como robustez por selección observable. | D20: M1–M4 usan regresión logística bayesiana regularizada con efectos de sexo, edad, local y mesa, seguida de postestratificación; escalas territoriales/mesa fijadas, no hiperparámetros aprendidos. M3 es el estimador inferencial primario ajustado con NUTS. M4 se informa como robustez por selección observable. | E20: M1–M4 usan regresión logística bayesiana regularizada con efectos de sexo, edad, local y mesa, seguida de postestratificación; escalas territoriales/mesa fijadas, no hiperparámetros aprendidos. M3 es el estimador inferencial primario ajustado con NUTS. M4 se informa como robustez por selección observable. | F20: M1–M4 usan regresión logística bayesiana regularizada con efectos de sexo, edad, local y mesa, seguida de postestratificación; escalas territoriales/mesa fijadas, no hiperparámetros aprendidos. M3 es el estimador inferencial primario ajustado con NUTS. M4 se informa como robustez por selección observable.
A21: M1–M4 usan regresión logística bayesiana regularizada con efectos de sexo, edad, local y mesa, seguida de postestratificación; escalas territoriales/mesa fijadas, no hiperparámetros aprendidos. M3 es el estimador inferencial primario ajustado con NUTS. M4 se informa como robustez por selección observable. | B21: M1–M4 usan regresión logística bayesiana regularizada con efectos de sexo, edad, local y mesa, seguida de postestratificación; escalas territoriales/mesa fijadas, no hiperparámetros aprendidos. M3 es el estimador inferencial primario ajustado con NUTS. M4 se informa como robustez por selección observable. | C21: M1–M4 usan regresión logística bayesiana regularizada con efectos de sexo, edad, local y mesa, seguida de postestratificación; escalas territoriales/mesa fijadas, no hiperparámetros aprendidos. M3 es el estimador inferencial primario ajustado con NUTS. M4 se informa como robustez por selección observable. | D21: M1–M4 usan regresión logística bayesiana regularizada con efectos de sexo, edad, local y mesa, seguida de postestratificación; escalas territoriales/mesa fijadas, no hiperparámetros aprendidos. M3 es el estimador inferencial primario ajustado con NUTS. M4 se informa como robustez por selección observable. | E21: M1–M4 usan regresión logística bayesiana regularizada con efectos de sexo, edad, local y mesa, seguida de postestratificación; escalas territoriales/mesa fijadas, no hiperparámetros aprendidos. M3 es el estimador inferencial primario ajustado con NUTS. M4 se informa como robustez por selección observable. | F21: M1–M4 usan regresión logística bayesiana regularizada con efectos de sexo, edad, local y mesa, seguida de postestratificación; escalas territoriales/mesa fijadas, no hiperparámetros aprendidos. M3 es el estimador inferencial primario ajustado con NUTS. M4 se informa como robustez por selección observable.
A23: Si M1–M4 se dispersan materialmente, la especificación domina el resultado y debe informarse como inestabilidad. La hoja 03 muestra esa dispersión con las mismas simulaciones del archivo NPZ. | B23: Si M1–M4 se dispersan materialmente, la especificación domina el resultado y debe informarse como inestabilidad. La hoja 03 muestra esa dispersión con las mismas simulaciones del archivo NPZ. | C23: Si M1–M4 se dispersan materialmente, la especificación domina el resultado y debe informarse como inestabilidad. La hoja 03 muestra esa dispersión con las mismas simulaciones del archivo NPZ. | D23: Si M1–M4 se dispersan materialmente, la especificación domina el resultado y debe informarse como inestabilidad. La hoja 03 muestra esa dispersión con las mismas simulaciones del archivo NPZ. | E23: Si M1–M4 se dispersan materialmente, la especificación domina el resultado y debe informarse como inestabilidad. La hoja 03 muestra esa dispersión con las mismas simulaciones del archivo NPZ. | F23: Si M1–M4 se dispersan materialmente, la especificación domina el resultado y debe informarse como inestabilidad. La hoja 03 muestra esa dispersión con las mismas simulaciones del archivo NPZ.
A24: Si M1–M4 se dispersan materialmente, la especificación domina el resultado y debe informarse como inestabilidad. La hoja 03 muestra esa dispersión con las mismas simulaciones del archivo NPZ. | B24: Si M1–M4 se dispersan materialmente, la especificación domina el resultado y debe informarse como inestabilidad. La hoja 03 muestra esa dispersión con las mismas simulaciones del archivo NPZ. | C24: Si M1–M4 se dispersan materialmente, la especificación domina el resultado y debe informarse como inestabilidad. La hoja 03 muestra esa dispersión con las mismas simulaciones del archivo NPZ. | D24: Si M1–M4 se dispersan materialmente, la especificación domina el resultado y debe informarse como inestabilidad. La hoja 03 muestra esa dispersión con las mismas simulaciones del archivo NPZ. | E24: Si M1–M4 se dispersan materialmente, la especificación domina el resultado y debe informarse como inestabilidad. La hoja 03 muestra esa dispersión con las mismas simulaciones del archivo NPZ. | F24: Si M1–M4 se dispersan materialmente, la especificación domina el resultado y debe informarse como inestabilidad. La hoja 03 muestra esa dispersión con las mismas simulaciones del archivo NPZ.
A25: Si M1–M4 se dispersan materialmente, la especificación domina el resultado y debe informarse como inestabilidad. La hoja 03 muestra esa dispersión con las mismas simulaciones del archivo NPZ. | B25: Si M1–M4 se dispersan materialmente, la especificación domina el resultado y debe informarse como inestabilidad. La hoja 03 muestra esa dispersión con las mismas simulaciones del archivo NPZ. | C25: Si M1–M4 se dispersan materialmente, la especificación domina el resultado y debe informarse como inestabilidad. La hoja 03 muestra esa dispersión con las mismas simulaciones del archivo NPZ. | D25: Si M1–M4 se dispersan materialmente, la especificación domina el resultado y debe informarse como inestabilidad. La hoja 03 muestra esa dispersión con las mismas simulaciones del archivo NPZ. | E25: Si M1–M4 se dispersan materialmente, la especificación domina el resultado y debe informarse como inestabilidad. La hoja 03 muestra esa dispersión con las mismas simulaciones del archivo NPZ. | F25: Si M1–M4 se dispersan materialmente, la especificación domina el resultado y debe informarse como inestabilidad. La hoja 03 muestra esa dispersión con las mismas simulaciones del archivo NPZ.
A26: Si M1–M4 se dispersan materialmente, la especificación domina el resultado y debe informarse como inestabilidad. La hoja 03 muestra esa dispersión con las mismas simulaciones del archivo NPZ. | B26: Si M1–M4 se dispersan materialmente, la especificación domina el resultado y debe informarse como inestabilidad. La hoja 03 muestra esa dispersión con las mismas simulaciones del archivo NPZ. | C26: Si M1–M4 se dispersan materialmente, la especificación domina el resultado y debe informarse como inestabilidad. La hoja 03 muestra esa dispersión con las mismas simulaciones del archivo NPZ. | D26: Si M1–M4 se dispersan materialmente, la especificación domina el resultado y debe informarse como inestabilidad. La hoja 03 muestra esa dispersión con las mismas simulaciones del archivo NPZ. | E26: Si M1–M4 se dispersan materialmente, la especificación domina el resultado y debe informarse como inestabilidad. La hoja 03 muestra esa dispersión con las mismas simulaciones del archivo NPZ. | F26: Si M1–M4 se dispersan materialmente, la especificación domina el resultado y debe informarse como inestabilidad. La hoja 03 muestra esa dispersión con las mismas simulaciones del archivo NPZ.

Sheet 03_CURVA_MODELOS
A1: Curva de especificaciones M1–M4 | B1: Curva de especificaciones M1–M4 | C1: Curva de especificaciones M1–M4 | D1: Curva de especificaciones M1–M4 | E1: Curva de especificaciones M1–M4 | F1: Curva de especificaciones M1–M4 | G1: Curva de especificaciones M1–M4 | H1: Curva de especificaciones M1–M4 | I1: Curva de especificaciones M1–M4 | J1: Curva de especificaciones M1–M4 | K1: Curva de especificaciones M1–M4 | L1: Curva de especificaciones M1–M4 | M1: Curva de especificaciones M1–M4
A2: Se muestran todas las especificaciones defendibles. No se elige retrospectivamente el modelo que produzca el porcentaje más conveniente. | B2: Se muestran todas las especificaciones defendibles. No se elige retrospectivamente el modelo que produzca el porcentaje más conveniente. | C2: Se muestran todas las especificaciones defendibles. No se elige retrospectivamente el modelo que produzca el porcentaje más conveniente. | D2: Se muestran todas las especificaciones defendibles. No se elige retrospectivamente el modelo que produzca el porcentaje más conveniente. | E2: Se muestran todas las especificaciones defendibles. No se elige retrospectivamente el modelo que produzca el porcentaje más conveniente. | F2: Se muestran todas las especificaciones defendibles. No se elige retrospectivamente el modelo que produzca el porcentaje más conveniente. | G2: Se muestran todas las especificaciones defendibles. No se elige retrospectivamente el modelo que produzca el porcentaje más conveniente. | H2: Se muestran todas las especificaciones defendibles. No se elige retrospectivamente el modelo que produzca el porcentaje más conveniente. | I2: Se muestran todas las especificaciones defendibles. No se elige retrospectivamente el modelo que produzca el porcentaje más conveniente. | J2: Se muestran todas las especificaciones defendibles. No se elige retrospectivamente el modelo que produzca el porcentaje más conveniente. | K2: Se muestran todas las especificaciones defendibles. No se elige retrospectivamente el modelo que produzca el porcentaje más conveniente. | L2: Se muestran todas las especificaciones defendibles. No se elige retrospectivamente el modelo que produzca el porcentaje más conveniente. | M2: Se muestran todas las especificaciones defendibles. No se elige retrospectivamente el modelo que produzca el porcentaje más conveniente.
A5: Modelo | B5: Registrados media | C5: Registrados mediana | D5: Reg. P2,5 | E5: Reg. P97,5 | F5: Probables media | G5: Probables mediana | H5: VP P2,5 | I5: VP P97,5 | J5: Δ primario reg. (pp) | K5: Parámetros | L5: Inferencia | M5: Estado
A6: M1 | B6: =AVERAGE('09_BASE_AUDITABLE'!$Y$2:$Y$4001) -> 0.48602533 | C6: =MEDIAN('09_BASE_AUDITABLE'!$Y$2:$Y$4001) -> 0.48608095 | D6: =PERCENTILE('09_BASE_AUDITABLE'!$Y$2:$Y$4001,0.025) -> 0.47001267 | E6: =PERCENTILE('09_BASE_AUDITABLE'!$Y$2:$Y$4001,0.975) -> 0.50274572 | F6: =AVERAGE('09_BASE_AUDITABLE'!$AC$2:$AC$4001) -> 0.47916707 | G6: =MEDIAN('09_BASE_AUDITABLE'!$AC$2:$AC$4001) -> 0.47915794 | H6: =PERCENTILE('09_BASE_AUDITABLE'!$AC$2:$AC$4001,0.025) -> 0.46381858 | I6: =PERCENTILE('09_BASE_AUDITABLE'!$AC$2:$AC$4001,0.975) -> 0.49496819 | J6: =(C6-$C$8)*100 -> 0.0019240894 | K6: 21 | L6: MAP + aproximación condicional Laplace/Fisher | M6: CUMPLE
A7: M2 | B7: =AVERAGE('09_BASE_AUDITABLE'!$Z$2:$Z$4001) -> 0.48606362 | C7: =MEDIAN('09_BASE_AUDITABLE'!$Z$2:$Z$4001) -> 0.48597168 | D7: =PERCENTILE('09_BASE_AUDITABLE'!$Z$2:$Z$4001,0.025) -> 0.46966587 | E7: =PERCENTILE('09_BASE_AUDITABLE'!$Z$2:$Z$4001,0.975) -> 0.5028928 | F7: =AVERAGE('09_BASE_AUDITABLE'!$AD$2:$AD$4001) -> 0.47912558 | G7: =MEDIAN('09_BASE_AUDITABLE'!$AD$2:$AD$4001) -> 0.47893049 | H7: =PERCENTILE('09_BASE_AUDITABLE'!$AD$2:$AD$4001,0.025) -> 0.46325238 | I7: =PERCENTILE('09_BASE_AUDITABLE'!$AD$2:$AD$4001,0.975) -> 0.49525174 | J7: =(C7-$C$8)*100 -> -0.0090025633 | K7: 24 | L7: MAP + aproximación condicional Laplace/Fisher | M7: CUMPLE
A8: M3 (primario) | B8: =AVERAGE('09_BASE_AUDITABLE'!$AA$2:$AA$4001) -> 0.48586581 | C8: =MEDIAN('09_BASE_AUDITABLE'!$AA$2:$AA$4001) -> 0.4860617 | D8: =PERCENTILE('09_BASE_AUDITABLE'!$AA$2:$AA$4001,0.025) -> 0.46890807 | E8: =PERCENTILE('09_BASE_AUDITABLE'!$AA$2:$AA$4001,0.975) -> 0.50249399 | F8: =AVERAGE('09_BASE_AUDITABLE'!$AE$2:$AE$4001) -> 0.47895192 | G8: =MEDIAN('09_BASE_AUDITABLE'!$AE$2:$AE$4001) -> 0.47889686 | H8: =PERCENTILE('09_BASE_AUDITABLE'!$AE$2:$AE$4001,0.025) -> 0.46222293 | I8: =PERCENTILE('09_BASE_AUDITABLE'!$AE$2:$AE$4001,0.975) -> 0.49540912 | J8: =(C8-$C$8)*100 -> 0 | K8: 267 | L8: NUTS (nutpie) | M8: CUMPLE
A9: M4 (robustez P99) | B9: =AVERAGE('09_BASE_AUDITABLE'!$AB$2:$AB$4001) -> 0.48852355 | C9: =MEDIAN('09_BASE_AUDITABLE'!$AB$2:$AB$4001) -> 0.48859345 | D9: =PERCENTILE('09_BASE_AUDITABLE'!$AB$2:$AB$4001,0.025) -> 0.47307452 | E9: =PERCENTILE('09_BASE_AUDITABLE'!$AB$2:$AB$4001,0.975) -> 0.50350621 | F9: =AVERAGE('09_BASE_AUDITABLE'!$AF$2:$AF$4001) -> 0.48423937 | G9: =MEDIAN('09_BASE_AUDITABLE'!$AF$2:$AF$4001) -> 0.48437413 | H9: =PERCENTILE('09_BASE_AUDITABLE'!$AF$2:$AF$4001,0.025) -> 0.4682383 | I9: =PERCENTILE('09_BASE_AUDITABLE'!$AF$2:$AF$4001,0.975) -> 0.49983827 | J9: =(C9-$C$8)*100 -> 0.25317489 | K9: 267 | L9: MAP + aproximación Laplace/Fisher con pseudo-verosimilitud calibrada P99 | M9: CUMPLE
A12: Resumen de dependencia de especificación | B12: Resumen de dependencia de especificación | C12: Resumen de dependencia de especificación | D12: Resumen de dependencia de especificación | E12: Resumen de dependencia de especificación | F12: Resumen de dependencia de especificación
A13: Métrica | B13: Valor | C13: Umbral orientativo | D13: Estado
A14: Mínimo mediano registrados | B14: =MIN(C6:C9) -> 0.48597168
A15: Máximo mediano registrados | B15: =MAX(C6:C9) -> 0.48859345
A16: Rango M1–M4 | B16: =(B15-B14)*100 -> 0.26217745 | C16: ≤ 1,00 pp | D16: =IF(B16<=1,"CUMPLE","REVISAR") -> CUMPLE
A17: Cambio M3→M4 | B17: =(C9-C8)*100 -> 0.25317489 | C17: robustez visible | D17: INFORMATIVO
A20: Los intervalos principales son P2,5–P97,5 (95%) y son condicionales a cada especificación. Una diferencia entre modelos no debe ocultarse dentro de una única barra de error: se presenta como dependencia de especificación. | B20: Los intervalos principales son P2,5–P97,5 (95%) y son condicionales a cada especificación. Una diferencia entre modelos no debe ocultarse dentro de una única barra de error: se presenta como dependencia de especificación. | C20: Los intervalos principales son P2,5–P97,5 (95%) y son condicionales a cada especificación. Una diferencia entre modelos no debe ocultarse dentro de una única barra de error: se presenta como dependencia de especificación. | D20: Los intervalos principales son P2,5–P97,5 (95%) y son condicionales a cada especificación. Una diferencia entre modelos no debe ocultarse dentro de una única barra de error: se presenta como dependencia de especificación. | E20: Los intervalos principales son P2,5–P97,5 (95%) y son condicionales a cada especificación. Una diferencia entre modelos no debe ocultarse dentro de una única barra de error: se presenta como dependencia de especificación. | F20: Los intervalos principales son P2,5–P97,5 (95%) y son condicionales a cada especificación. Una diferencia entre modelos no debe ocultarse dentro de una única barra de error: se presenta como dependencia de especificación. | G20: Los intervalos principales son P2,5–P97,5 (95%) y son condicionales a cada especificación. Una diferencia entre modelos no debe ocultarse dentro de una única barra de error: se presenta como dependencia de especificación. | H20: Los intervalos principales son P2,5–P97,5 (95%) y son condicionales a cada especificación. Una diferencia entre modelos no debe ocultarse dentro de una única barra de error: se presenta como dependencia de especificación. | I20: Los intervalos principales son P2,5–P97,5 (95%) y son condicionales a cada especificación. Una diferencia entre modelos no debe ocultarse dentro de una única barra de error: se presenta como dependencia de especificación. | J20: Los intervalos principales son P2,5–P97,5 (95%) y son condicionales a cada especificación. Una diferencia entre modelos no debe ocultarse dentro de una única barra de error: se presenta como dependencia de especificación. | K20: Los intervalos principales son P2,5–P97,5 (95%) y son condicionales a cada especificación. Una diferencia entre modelos no debe ocultarse dentro de una única barra de error: se presenta como dependencia de especificación. | L20: Los intervalos principales son P2,5–P97,5 (95%) y son condicionales a cada especificación. Una diferencia entre modelos no debe ocultarse dentro de una única barra de error: se presenta como dependencia de especificación. | M20: Los intervalos principales son P2,5–P97,5 (95%) y son condicionales a cada especificación. Una diferencia entre modelos no debe ocultarse dentro de una única barra de error: se presenta como dependencia de especificación.
A21: Los intervalos principales son P2,5–P97,5 (95%) y son condicionales a cada especificación. Una diferencia entre modelos no debe ocultarse dentro de una única barra de error: se presenta como dependencia de especificación. | B21: Los intervalos principales son P2,5–P97,5 (95%) y son condicionales a cada especificación. Una diferencia entre modelos no debe ocultarse dentro de una única barra de error: se presenta como dependencia de especificación. | C21: Los intervalos principales son P2,5–P97,5 (95%) y son condicionales a cada especificación. Una diferencia entre modelos no debe ocultarse dentro de una única barra de error: se presenta como dependencia de especificación. | D21: Los intervalos principales son P2,5–P97,5 (95%) y son condicionales a cada especificación. Una diferencia entre modelos no debe ocultarse dentro de una única barra de error: se presenta como dependencia de especificación. | E21: Los intervalos principales son P2,5–P97,5 (95%) y son condicionales a cada especificación. Una diferencia entre modelos no debe ocultarse dentro de una única barra de error: se presenta como dependencia de especificación. | F21: Los intervalos principales son P2,5–P97,5 (95%) y son condicionales a cada especificación. Una diferencia entre modelos no debe ocultarse dentro de una única barra de error: se presenta como dependencia de especificación. | G21: Los intervalos principales son P2,5–P97,5 (95%) y son condicionales a cada especificación. Una diferencia entre modelos no debe ocultarse dentro de una única barra de error: se presenta como dependencia de especificación. | H21: Los intervalos principales son P2,5–P97,5 (95%) y son condicionales a cada especificación. Una diferencia entre modelos no debe ocultarse dentro de una única barra de error: se presenta como dependencia de especificación. | I21: Los intervalos principales son P2,5–P97,5 (95%) y son condicionales a cada especificación. Una diferencia entre modelos no debe ocultarse dentro de una única barra de error: se presenta como dependencia de especificación. | J21: Los intervalos principales son P2,5–P97,5 (95%) y son condicionales a cada especificación. Una diferencia entre modelos no debe ocultarse dentro de una única barra de error: se presenta como dependencia de especificación. | K21: Los intervalos principales son P2,5–P97,5 (95%) y son condicionales a cada especificación. Una diferencia entre modelos no debe ocultarse dentro de una única barra de error: se presenta como dependencia de especificación. | L21: Los intervalos principales son P2,5–P97,5 (95%) y son condicionales a cada especificación. Una diferencia entre modelos no debe ocultarse dentro de una única barra de error: se presenta como dependencia de especificación. | M21: Los intervalos principales son P2,5–P97,5 (95%) y son condicionales a cada especificación. Una diferencia entre modelos no debe ocultarse dentro de una única barra de error: se presenta como dependencia de especificación.
A22: Los intervalos principales son P2,5–P97,5 (95%) y son condicionales a cada especificación. Una diferencia entre modelos no debe ocultarse dentro de una única barra de error: se presenta como dependencia de especificación. | B22: Los intervalos principales son P2,5–P97,5 (95%) y son condicionales a cada especificación. Una diferencia entre modelos no debe ocultarse dentro de una única barra de error: se presenta como dependencia de especificación. | C22: Los intervalos principales son P2,5–P97,5 (95%) y son condicionales a cada especificación. Una diferencia entre modelos no debe ocultarse dentro de una única barra de error: se presenta como dependencia de especificación. | D22: Los intervalos principales son P2,5–P97,5 (95%) y son condicionales a cada especificación. Una diferencia entre modelos no debe ocultarse dentro de una única barra de error: se presenta como dependencia de especificación. | E22: Los intervalos principales son P2,5–P97,5 (95%) y son condicionales a cada especificación. Una diferencia entre modelos no debe ocultarse dentro de una única barra de error: se presenta como dependencia de especificación. | F22: Los intervalos principales son P2,5–P97,5 (95%) y son condicionales a cada especificación. Una diferencia entre modelos no debe ocultarse dentro de una única barra de error: se presenta como dependencia de especificación. | G22: Los intervalos principales son P2,5–P97,5 (95%) y son condicionales a cada especificación. Una diferencia entre modelos no debe ocultarse dentro de una única barra de error: se presenta como dependencia de especificación. | H22: Los intervalos principales son P2,5–P97,5 (95%) y son condicionales a cada especificación. Una diferencia entre modelos no debe ocultarse dentro de una única barra de error: se presenta como dependencia de especificación. | I22: Los intervalos principales son P2,5–P97,5 (95%) y son condicionales a cada especificación. Una diferencia entre modelos no debe ocultarse dentro de una única barra de error: se presenta como dependencia de especificación. | J22: Los intervalos principales son P2,5–P97,5 (95%) y son condicionales a cada especificación. Una diferencia entre modelos no debe ocultarse dentro de una única barra de error: se presenta como dependencia de especificación. | K22: Los intervalos principales son P2,5–P97,5 (95%) y son condicionales a cada especificación. Una diferencia entre modelos no debe ocultarse dentro de una única barra de error: se presenta como dependencia de especificación. | L22: Los intervalos principales son P2,5–P97,5 (95%) y son condicionales a cada especificación. Una diferencia entre modelos no debe ocultarse dentro de una única barra de error: se presenta como dependencia de especificación. | M22: Los intervalos principales son P2,5–P97,5 (95%) y son condicionales a cada especificación. Una diferencia entre modelos no debe ocultarse dentro de una única barra de error: se presenta como dependencia de especificación.
A23: Los intervalos principales son P2,5–P97,5 (95%) y son condicionales a cada especificación. Una diferencia entre modelos no debe ocultarse dentro de una única barra de error: se presenta como dependencia de especificación. | B23: Los intervalos principales son P2,5–P97,5 (95%) y son condicionales a cada especificación. Una diferencia entre modelos no debe ocultarse dentro de una única barra de error: se presenta como dependencia de especificación. | C23: Los intervalos principales son P2,5–P97,5 (95%) y son condicionales a cada especificación. Una diferencia entre modelos no debe ocultarse dentro de una única barra de error: se presenta como dependencia de especificación. | D23: Los intervalos principales son P2,5–P97,5 (95%) y son condicionales a cada especificación. Una diferencia entre modelos no debe ocultarse dentro de una única barra de error: se presenta como dependencia de especificación. | E23: Los intervalos principales son P2,5–P97,5 (95%) y son condicionales a cada especificación. Una diferencia entre modelos no debe ocultarse dentro de una única barra de error: se presenta como dependencia de especificación. | F23: Los intervalos principales son P2,5–P97,5 (95%) y son condicionales a cada especificación. Una diferencia entre modelos no debe ocultarse dentro de una única barra de error: se presenta como dependencia de especificación. | G23: Los intervalos principales son P2,5–P97,5 (95%) y son condicionales a cada especificación. Una diferencia entre modelos no debe ocultarse dentro de una única barra de error: se presenta como dependencia de especificación. | H23: Los intervalos principales son P2,5–P97,5 (95%) y son condicionales a cada especificación. Una diferencia entre modelos no debe ocultarse dentro de una única barra de error: se presenta como dependencia de especificación. | I23: Los intervalos principales son P2,5–P97,5 (95%) y son condicionales a cada especificación. Una diferencia entre modelos no debe ocultarse dentro de una única barra de error: se presenta como dependencia de especificación. | J23: Los intervalos principales son P2,5–P97,5 (95%) y son condicionales a cada especificación. Una diferencia entre modelos no debe ocultarse dentro de una única barra de error: se presenta como dependencia de especificación. | K23: Los intervalos principales son P2,5–P97,5 (95%) y son condicionales a cada especificación. Una diferencia entre modelos no debe ocultarse dentro de una única barra de error: se presenta como dependencia de especificación. | L23: Los intervalos principales son P2,5–P97,5 (95%) y son condicionales a cada especificación. Una diferencia entre modelos no debe ocultarse dentro de una única barra de error: se presenta como dependencia de especificación. | M23: Los intervalos principales son P2,5–P97,5 (95%) y son condicionales a cada especificación. Una diferencia entre modelos no debe ocultarse dentro de una única barra de error: se presenta como dependencia de especificación.
A24: Los intervalos principales son P2,5–P97,5 (95%) y son condicionales a cada especificación. Una diferencia entre modelos no debe ocultarse dentro de una única barra de error: se presenta como dependencia de especificación. | B24: Los intervalos principales son P2,5–P97,5 (95%) y son condicionales a cada especificación. Una diferencia entre modelos no debe ocultarse dentro de una única barra de error: se presenta como dependencia de especificación. | C24: Los intervalos principales son P2,5–P97,5 (95%) y son condicionales a cada especificación. Una diferencia entre modelos no debe ocultarse dentro de una única barra de error: se presenta como dependencia de especificación. | D24: Los intervalos principales son P2,5–P97,5 (95%) y son condicionales a cada especificación. Una diferencia entre modelos no debe ocultarse dentro de una única barra de error: se presenta como dependencia de especificación. | E24: Los intervalos principales son P2,5–P97,5 (95%) y son condicionales a cada especificación. Una diferencia entre modelos no debe ocultarse dentro de una única barra de error: se presenta como dependencia de especificación. | F24: Los intervalos principales son P2,5–P97,5 (95%) y son condicionales a cada especificación. Una diferencia entre modelos no debe ocultarse dentro de una única barra de error: se presenta como dependencia de especificación. | G24: Los intervalos principales son P2,5–P97,5 (95%) y son condicionales a cada especificación. Una diferencia entre modelos no debe ocultarse dentro de una única barra de error: se presenta como dependencia de especificación. | H24: Los intervalos principales son P2,5–P97,5 (95%) y son condicionales a cada especificación. Una diferencia entre modelos no debe ocultarse dentro de una única barra de error: se presenta como dependencia de especificación. | I24: Los intervalos principales son P2,5–P97,5 (95%) y son condicionales a cada especificación. Una diferencia entre modelos no debe ocultarse dentro de una única barra de error: se presenta como dependencia de especificación. | J24: Los intervalos principales son P2,5–P97,5 (95%) y son condicionales a cada especificación. Una diferencia entre modelos no debe ocultarse dentro de una única barra de error: se presenta como dependencia de especificación. | K24: Los intervalos principales son P2,5–P97,5 (95%) y son condicionales a cada especificación. Una diferencia entre modelos no debe ocultarse dentro de una única barra de error: se presenta como dependencia de especificación. | L24: Los intervalos principales son P2,5–P97,5 (95%) y son condicionales a cada especificación. Una diferencia entre modelos no debe ocultarse dentro de una única barra de error: se presenta como dependencia de especificación. | M24: Los intervalos principales son P2,5–P97,5 (95%) y son condicionales a cada especificación. Una diferencia entre modelos no debe ocultarse dentro de una única barra de error: se presenta como dependencia de especificación.

Sheet 04_PESOS_Y_COBERTURA
A1: Pesos, ESS Kish y cobertura | B1: Pesos, ESS Kish y cobertura | C1: Pesos, ESS Kish y cobertura | D1: Pesos, ESS Kish y cobertura | E1: Pesos, ESS Kish y cobertura | F1: Pesos, ESS Kish y cobertura | G1: Pesos, ESS Kish y cobertura | H1: Pesos, ESS Kish y cobertura | I1: Pesos, ESS Kish y cobertura | J1: Pesos, ESS Kish y cobertura | K1: Pesos, ESS Kish y cobertura | L1: Pesos, ESS Kish y cobertura
A2: Los diagnósticos distinguen el ESS Kish de los pesos y la masa esperada de asignación por celda (Σq). Esta última no es ESS. | B2: Los diagnósticos distinguen el ESS Kish de los pesos y la masa esperada de asignación por celda (Σq). Esta última no es ESS. | C2: Los diagnósticos distinguen el ESS Kish de los pesos y la masa esperada de asignación por celda (Σq). Esta última no es ESS. | D2: Los diagnósticos distinguen el ESS Kish de los pesos y la masa esperada de asignación por celda (Σq). Esta última no es ESS. | E2: Los diagnósticos distinguen el ESS Kish de los pesos y la masa esperada de asignación por celda (Σq). Esta última no es ESS. | F2: Los diagnósticos distinguen el ESS Kish de los pesos y la masa esperada de asignación por celda (Σq). Esta última no es ESS. | G2: Los diagnósticos distinguen el ESS Kish de los pesos y la masa esperada de asignación por celda (Σq). Esta última no es ESS. | H2: Los diagnósticos distinguen el ESS Kish de los pesos y la masa esperada de asignación por celda (Σq). Esta última no es ESS. | I2: Los diagnósticos distinguen el ESS Kish de los pesos y la masa esperada de asignación por celda (Σq). Esta última no es ESS. | J2: Los diagnósticos distinguen el ESS Kish de los pesos y la masa esperada de asignación por celda (Σq). Esta última no es ESS. | K2: Los diagnósticos distinguen el ESS Kish de los pesos y la masa esperada de asignación por celda (Σq). Esta última no es ESS. | L2: Los diagnósticos distinguen el ESS Kish de los pesos y la masa esperada de asignación por celda (Σq). Esta última no es ESS.
A5: Sistema | B5: n | C5: ESS Kish | D5: DEFF | E5: CV | F5: Mínimo | G5: Mediana | H5: P95 | I5: P99 | J5: Máximo
A6: Sin truncar | B6: =COUNT('09_BASE_AUDITABLE'!$G$2:$G$3666) -> 3665 | C6: =(SUM('09_BASE_AUDITABLE'!$G$2:$G$3666)^2)/SUMSQ('09_BASE_AUDITABLE'!$G$2:$G$3666) -> 3220.5923 | D6: =B6/C6 -> 1.1379894 | E6: =STDEVP('09_BASE_AUDITABLE'!$G$2:$G$3666)/AVERAGE('09_BASE_AUDITABLE'!$G$2:$G$3666) -> 0.37146927 | F6: =MIN('09_BASE_AUDITABLE'!$G$2:$G$3666) -> 0.33208095 | G6: =MEDIAN('09_BASE_AUDITABLE'!$G$2:$G$3666) -> 0.99646135 | H6: =PERCENTILE('09_BASE_AUDITABLE'!$G$2:$G$3666,0.95) -> 1.6200172 | I6: =PERCENTILE('09_BASE_AUDITABLE'!$G$2:$G$3666,0.99) -> 2.3421589 | J6: =MAX('09_BASE_AUDITABLE'!$G$2:$G$3666) -> 5.2170958
A7: P99 | B7: =COUNT('09_BASE_AUDITABLE'!$H$2:$H$3666) -> 3665 | C7: =(SUM('09_BASE_AUDITABLE'!$H$2:$H$3666)^2)/SUMSQ('09_BASE_AUDITABLE'!$H$2:$H$3666) -> 3282.135 | D7: =B7/C7 -> 1.1166512 | E7: =STDEVP('09_BASE_AUDITABLE'!$H$2:$H$3666)/AVERAGE('09_BASE_AUDITABLE'!$H$2:$H$3666) -> 0.3415424 | F7: =MIN('09_BASE_AUDITABLE'!$H$2:$H$3666) -> 0.33400361 | G7: =MEDIAN('09_BASE_AUDITABLE'!$H$2:$H$3666) -> 1.0022306 | H7: =PERCENTILE('09_BASE_AUDITABLE'!$H$2:$H$3666,0.95) -> 1.6293967 | I7: =PERCENTILE('09_BASE_AUDITABLE'!$H$2:$H$3666,0.99) -> 2.3475468 | J7: =MAX('09_BASE_AUDITABLE'!$H$2:$H$3666) -> 2.3557194
A8: P95 | B8: =COUNT('09_BASE_AUDITABLE'!$I$2:$I$3666) -> 3665 | C8: =(SUM('09_BASE_AUDITABLE'!$I$2:$I$3666)^2)/SUMSQ('09_BASE_AUDITABLE'!$I$2:$I$3666) -> 3367.2128 | D8: =B8/C8 -> 1.0884373 | E8: =STDEVP('09_BASE_AUDITABLE'!$I$2:$I$3666)/AVERAGE('09_BASE_AUDITABLE'!$I$2:$I$3666) -> 0.2973841 | F8: =MIN('09_BASE_AUDITABLE'!$I$2:$I$3666) -> 0.33984488 | G8: =MEDIAN('09_BASE_AUDITABLE'!$I$2:$I$3666) -> 1.0197583 | H8: =PERCENTILE('09_BASE_AUDITABLE'!$I$2:$I$3666,0.95) -> 1.6577766 | I8: =PERCENTILE('09_BASE_AUDITABLE'!$I$2:$I$3666,0.99) -> 1.6578927 | J8: =MAX('09_BASE_AUDITABLE'!$I$2:$I$3666) -> 1.6578927
A9: Lectura | B9: Calibración convergida
A12: Soporte por masa esperada de asignación (Σq) | B12: Soporte por masa esperada de asignación (Σq) | C12: Soporte por masa esperada de asignación (Σq) | D12: Soporte por masa esperada de asignación (Σq) | E12: Soporte por masa esperada de asignación (Σq) | F12: Soporte por masa esperada de asignación (Σq)
A13: Tramo | B13: Celdas | C13: Electores | D13: % padrón
A14: 0 | B14: =COUNTIF('09_BASE_AUDITABLE'!$W$2:$W$2077,A14) -> 0 | C14: =SUMIF('09_BASE_AUDITABLE'!$W$2:$W$2077,A14,'09_BASE_AUDITABLE'!$Q$2:$Q$2077) -> 0 | D14: =C14/SUM('09_BASE_AUDITABLE'!$Q$2:$Q$2077) -> 0
A15: (0,1) | B15: =COUNTIF('09_BASE_AUDITABLE'!$W$2:$W$2077,A15) -> 631 | C15: =SUMIF('09_BASE_AUDITABLE'!$W$2:$W$2077,A15,'09_BASE_AUDITABLE'!$Q$2:$Q$2077) -> 16176 | D15: =C15/SUM('09_BASE_AUDITABLE'!$Q$2:$Q$2077) -> 0.18155493
A16: [1,2) | B16: =COUNTIF('09_BASE_AUDITABLE'!$W$2:$W$2077,A16) -> 710 | C16: =SUMIF('09_BASE_AUDITABLE'!$W$2:$W$2077,A16,'09_BASE_AUDITABLE'!$Q$2:$Q$2077) -> 30982 | D16: =C16/SUM('09_BASE_AUDITABLE'!$Q$2:$Q$2077) -> 0.34773337
A17: [2,3) | B17: =COUNTIF('09_BASE_AUDITABLE'!$W$2:$W$2077,A17) -> 430 | C17: =SUMIF('09_BASE_AUDITABLE'!$W$2:$W$2077,A17,'09_BASE_AUDITABLE'!$Q$2:$Q$2077) -> 23281 | D17: =C17/SUM('09_BASE_AUDITABLE'!$Q$2:$Q$2077) -> 0.26129948
A18: [3,5) | B18: =COUNTIF('09_BASE_AUDITABLE'!$W$2:$W$2077,A18) -> 273 | C18: =SUMIF('09_BASE_AUDITABLE'!$W$2:$W$2077,A18,'09_BASE_AUDITABLE'!$Q$2:$Q$2077) -> 16556 | D18: =C18/SUM('09_BASE_AUDITABLE'!$Q$2:$Q$2077) -> 0.18581995
A19: 5+ | B19: =COUNTIF('09_BASE_AUDITABLE'!$W$2:$W$2077,A19) -> 32 | C19: =SUMIF('09_BASE_AUDITABLE'!$W$2:$W$2077,A19,'09_BASE_AUDITABLE'!$Q$2:$Q$2077) -> 2102 | D19: =C19/SUM('09_BASE_AUDITABLE'!$Q$2:$Q$2077) -> 0.023592265
A22: Descomposición de la masa esperada de asignación (Σq) | B22: Descomposición de la masa esperada de asignación (Σq) | C22: Descomposición de la masa esperada de asignación (Σq) | D22: Descomposición de la masa esperada de asignación (Σq)
A23: Métrica | B23: Valor | C23: Lectura
A24: Masa esperada de asignación (Σq) | B24: =SUM('09_BASE_AUDITABLE'!$T$2:$T$2077) -> 3665 | C24: Suma de probabilidades de asignación; no es ESS Kish
A25: Masa de asignación directa (Σq directa) | B25: =SUM('09_BASE_AUDITABLE'!$U$2:$U$2077) -> 2369.15 | C25: Componente con soporte directo
A26: Masa de imputación de fondo (Σq fondo) | B26: =B24-B25 -> 1295.85 | C26: Componente sin evidencia nominativa suficiente
A27: Fracción de fondo | B27: =B26/B24 -> 0.35357435 | C27: Σq fondo / Σq total; no equivale a identidad observada
A30: Como la imputación de fondo distribuye masa sobre el marco, una celda con masa esperada de asignación (Σq) positiva no necesariamente tiene soporte directo. Se separan Σq total, directa y de fondo; ninguna debe rotularse como ESS Kish. | B30: Como la imputación de fondo distribuye masa sobre el marco, una celda con masa esperada de asignación (Σq) positiva no necesariamente tiene soporte directo. Se separan Σq total, directa y de fondo; ninguna debe rotularse como ESS Kish. | C30: Como la imputación de fondo distribuye masa sobre el marco, una celda con masa esperada de asignación (Σq) positiva no necesariamente tiene soporte directo. Se separan Σq total, directa y de fondo; ninguna debe rotularse como ESS Kish. | D30: Como la imputación de fondo distribuye masa sobre el marco, una celda con masa esperada de asignación (Σq) positiva no necesariamente tiene soporte directo. Se separan Σq total, directa y de fondo; ninguna debe rotularse como ESS Kish. | E30: Como la imputación de fondo distribuye masa sobre el marco, una celda con masa esperada de asignación (Σq) positiva no necesariamente tiene soporte directo. Se separan Σq total, directa y de fondo; ninguna debe rotularse como ESS Kish. | F30: Como la imputación de fondo distribuye masa sobre el marco, una celda con masa esperada de asignación (Σq) positiva no necesariamente tiene soporte directo. Se separan Σq total, directa y de fondo; ninguna debe rotularse como ESS Kish. | G30: Como la imputación de fondo distribuye masa sobre el marco, una celda con masa esperada de asignación (Σq) positiva no necesariamente tiene soporte directo. Se separan Σq total, directa y de fondo; ninguna debe rotularse como ESS Kish. | H30: Como la imputación de fondo distribuye masa sobre el marco, una celda con masa esperada de asignación (Σq) positiva no necesariamente tiene soporte directo. Se separan Σq total, directa y de fondo; ninguna debe rotularse como ESS Kish. | I30: Como la imputación de fondo distribuye masa sobre el marco, una celda con masa esperada de asignación (Σq) positiva no necesariamente tiene soporte directo. Se separan Σq total, directa y de fondo; ninguna debe rotularse como ESS Kish. | J30: Como la imputación de fondo distribuye masa sobre el marco, una celda con masa esperada de asignación (Σq) positiva no necesariamente tiene soporte directo. Se separan Σq total, directa y de fondo; ninguna debe rotularse como ESS Kish. | K30: Como la imputación de fondo distribuye masa sobre el marco, una celda con masa esperada de asignación (Σq) positiva no necesariamente tiene soporte directo. Se separan Σq total, directa y de fondo; ninguna debe rotularse como ESS Kish. | L30: Como la imputación de fondo distribuye masa sobre el marco, una celda con masa esperada de asignación (Σq) positiva no necesariamente tiene soporte directo. Se separan Σq total, directa y de fondo; ninguna debe rotularse como ESS Kish.
A31: Como la imputación de fondo distribuye masa sobre el marco, una celda con masa esperada de asignación (Σq) positiva no necesariamente tiene soporte directo. Se separan Σq total, directa y de fondo; ninguna debe rotularse como ESS Kish. | B31: Como la imputación de fondo distribuye masa sobre el marco, una celda con masa esperada de asignación (Σq) positiva no necesariamente tiene soporte directo. Se separan Σq total, directa y de fondo; ninguna debe rotularse como ESS Kish. | C31: Como la imputación de fondo distribuye masa sobre el marco, una celda con masa esperada de asignación (Σq) positiva no necesariamente tiene soporte directo. Se separan Σq total, directa y de fondo; ninguna debe rotularse como ESS Kish. | D31: Como la imputación de fondo distribuye masa sobre el marco, una celda con masa esperada de asignación (Σq) positiva no necesariamente tiene soporte directo. Se separan Σq total, directa y de fondo; ninguna debe rotularse como ESS Kish. | E31: Como la imputación de fondo distribuye masa sobre el marco, una celda con masa esperada de asignación (Σq) positiva no necesariamente tiene soporte directo. Se separan Σq total, directa y de fondo; ninguna debe rotularse como ESS Kish. | F31: Como la imputación de fondo distribuye masa sobre el marco, una celda con masa esperada de asignación (Σq) positiva no necesariamente tiene soporte directo. Se separan Σq total, directa y de fondo; ninguna debe rotularse como ESS Kish. | G31: Como la imputación de fondo distribuye masa sobre el marco, una celda con masa esperada de asignación (Σq) positiva no necesariamente tiene soporte directo. Se separan Σq total, directa y de fondo; ninguna debe rotularse como ESS Kish. | H31: Como la imputación de fondo distribuye masa sobre el marco, una celda con masa esperada de asignación (Σq) positiva no necesariamente tiene soporte directo. Se separan Σq total, directa y de fondo; ninguna debe rotularse como ESS Kish. | I31: Como la imputación de fondo distribuye masa sobre el marco, una celda con masa esperada de asignación (Σq) positiva no necesariamente tiene soporte directo. Se separan Σq total, directa y de fondo; ninguna debe rotularse como ESS Kish. | J31: Como la imputación de fondo distribuye masa sobre el marco, una celda con masa esperada de asignación (Σq) positiva no necesariamente tiene soporte directo. Se separan Σq total, directa y de fondo; ninguna debe rotularse como ESS Kish. | K31: Como la imputación de fondo distribuye masa sobre el marco, una celda con masa esperada de asignación (Σq) positiva no necesariamente tiene soporte directo. Se separan Σq total, directa y de fondo; ninguna debe rotularse como ESS Kish. | L31: Como la imputación de fondo distribuye masa sobre el marco, una celda con masa esperada de asignación (Σq) positiva no necesariamente tiene soporte directo. Se separan Σq total, directa y de fondo; ninguna debe rotularse como ESS Kish.
A32: Como la imputación de fondo distribuye masa sobre el marco, una celda con masa esperada de asignación (Σq) positiva no necesariamente tiene soporte directo. Se separan Σq total, directa y de fondo; ninguna debe rotularse como ESS Kish. | B32: Como la imputación de fondo distribuye masa sobre el marco, una celda con masa esperada de asignación (Σq) positiva no necesariamente tiene soporte directo. Se separan Σq total, directa y de fondo; ninguna debe rotularse como ESS Kish. | C32: Como la imputación de fondo distribuye masa sobre el marco, una celda con masa esperada de asignación (Σq) positiva no necesariamente tiene soporte directo. Se separan Σq total, directa y de fondo; ninguna debe rotularse como ESS Kish. | D32: Como la imputación de fondo distribuye masa sobre el marco, una celda con masa esperada de asignación (Σq) positiva no necesariamente tiene soporte directo. Se separan Σq total, directa y de fondo; ninguna debe rotularse como ESS Kish. | E32: Como la imputación de fondo distribuye masa sobre el marco, una celda con masa esperada de asignación (Σq) positiva no necesariamente tiene soporte directo. Se separan Σq total, directa y de fondo; ninguna debe rotularse como ESS Kish. | F32: Como la imputación de fondo distribuye masa sobre el marco, una celda con masa esperada de asignación (Σq) positiva no necesariamente tiene soporte directo. Se separan Σq total, directa y de fondo; ninguna debe rotularse como ESS Kish. | G32: Como la imputación de fondo distribuye masa sobre el marco, una celda con masa esperada de asignación (Σq) positiva no necesariamente tiene soporte directo. Se separan Σq total, directa y de fondo; ninguna debe rotularse como ESS Kish. | H32: Como la imputación de fondo distribuye masa sobre el marco, una celda con masa esperada de asignación (Σq) positiva no necesariamente tiene soporte directo. Se separan Σq total, directa y de fondo; ninguna debe rotularse como ESS Kish. | I32: Como la imputación de fondo distribuye masa sobre el marco, una celda con masa esperada de asignación (Σq) positiva no necesariamente tiene soporte directo. Se separan Σq total, directa y de fondo; ninguna debe rotularse como ESS Kish. | J32: Como la imputación de fondo distribuye masa sobre el marco, una celda con masa esperada de asignación (Σq) positiva no necesariamente tiene soporte directo. Se separan Σq total, directa y de fondo; ninguna debe rotularse como ESS Kish. | K32: Como la imputación de fondo distribuye masa sobre el marco, una celda con masa esperada de asignación (Σq) positiva no necesariamente tiene soporte directo. Se separan Σq total, directa y de fondo; ninguna debe rotularse como ESS Kish. | L32: Como la imputación de fondo distribuye masa sobre el marco, una celda con masa esperada de asignación (Σq) positiva no necesariamente tiene soporte directo. Se separan Σq total, directa y de fondo; ninguna debe rotularse como ESS Kish.
A33: Como la imputación de fondo distribuye masa sobre el marco, una celda con masa esperada de asignación (Σq) positiva no necesariamente tiene soporte directo. Se separan Σq total, directa y de fondo; ninguna debe rotularse como ESS Kish. | B33: Como la imputación de fondo distribuye masa sobre el marco, una celda con masa esperada de asignación (Σq) positiva no necesariamente tiene soporte directo. Se separan Σq total, directa y de fondo; ninguna debe rotularse como ESS Kish. | C33: Como la imputación de fondo distribuye masa sobre el marco, una celda con masa esperada de asignación (Σq) positiva no necesariamente tiene soporte directo. Se separan Σq total, directa y de fondo; ninguna debe rotularse como ESS Kish. | D33: Como la imputación de fondo distribuye masa sobre el marco, una celda con masa esperada de asignación (Σq) positiva no necesariamente tiene soporte directo. Se separan Σq total, directa y de fondo; ninguna debe rotularse como ESS Kish. | E33: Como la imputación de fondo distribuye masa sobre el marco, una celda con masa esperada de asignación (Σq) positiva no necesariamente tiene soporte directo. Se separan Σq total, directa y de fondo; ninguna debe rotularse como ESS Kish. | F33: Como la imputación de fondo distribuye masa sobre el marco, una celda con masa esperada de asignación (Σq) positiva no necesariamente tiene soporte directo. Se separan Σq total, directa y de fondo; ninguna debe rotularse como ESS Kish. | G33: Como la imputación de fondo distribuye masa sobre el marco, una celda con masa esperada de asignación (Σq) positiva no necesariamente tiene soporte directo. Se separan Σq total, directa y de fondo; ninguna debe rotularse como ESS Kish. | H33: Como la imputación de fondo distribuye masa sobre el marco, una celda con masa esperada de asignación (Σq) positiva no necesariamente tiene soporte directo. Se separan Σq total, directa y de fondo; ninguna debe rotularse como ESS Kish. | I33: Como la imputación de fondo distribuye masa sobre el marco, una celda con masa esperada de asignación (Σq) positiva no necesariamente tiene soporte directo. Se separan Σq total, directa y de fondo; ninguna debe rotularse como ESS Kish. | J33: Como la imputación de fondo distribuye masa sobre el marco, una celda con masa esperada de asignación (Σq) positiva no necesariamente tiene soporte directo. Se separan Σq total, directa y de fondo; ninguna debe rotularse como ESS Kish. | K33: Como la imputación de fondo distribuye masa sobre el marco, una celda con masa esperada de asignación (Σq) positiva no necesariamente tiene soporte directo. Se separan Σq total, directa y de fondo; ninguna debe rotularse como ESS Kish. | L33: Como la imputación de fondo distribuye masa sobre el marco, una celda con masa esperada de asignación (Σq) positiva no necesariamente tiene soporte directo. Se separan Σq total, directa y de fondo; ninguna debe rotularse como ESS Kish.
A34: Como la imputación de fondo distribuye masa sobre el marco, una celda con masa esperada de asignación (Σq) positiva no necesariamente tiene soporte directo. Se separan Σq total, directa y de fondo; ninguna debe rotularse como ESS Kish. | B34: Como la imputación de fondo distribuye masa sobre el marco, una celda con masa esperada de asignación (Σq) positiva no necesariamente tiene soporte directo. Se separan Σq total, directa y de fondo; ninguna debe rotularse como ESS Kish. | C34: Como la imputación de fondo distribuye masa sobre el marco, una celda con masa esperada de asignación (Σq) positiva no necesariamente tiene soporte directo. Se separan Σq total, directa y de fondo; ninguna debe rotularse como ESS Kish. | D34: Como la imputación de fondo distribuye masa sobre el marco, una celda con masa esperada de asignación (Σq) positiva no necesariamente tiene soporte directo. Se separan Σq total, directa y de fondo; ninguna debe rotularse como ESS Kish. | E34: Como la imputación de fondo distribuye masa sobre el marco, una celda con masa esperada de asignación (Σq) positiva no necesariamente tiene soporte directo. Se separan Σq total, directa y de fondo; ninguna debe rotularse como ESS Kish. | F34: Como la imputación de fondo distribuye masa sobre el marco, una celda con masa esperada de asignación (Σq) positiva no necesariamente tiene soporte directo. Se separan Σq total, directa y de fondo; ninguna debe rotularse como ESS Kish. | G34: Como la imputación de fondo distribuye masa sobre el marco, una celda con masa esperada de asignación (Σq) positiva no necesariamente tiene soporte directo. Se separan Σq total, directa y de fondo; ninguna debe rotularse como ESS Kish. | H34: Como la imputación de fondo distribuye masa sobre el marco, una celda con masa esperada de asignación (Σq) positiva no necesariamente tiene soporte directo. Se separan Σq total, directa y de fondo; ninguna debe rotularse como ESS Kish. | I34: Como la imputación de fondo distribuye masa sobre el marco, una celda con masa esperada de asignación (Σq) positiva no necesariamente tiene soporte directo. Se separan Σq total, directa y de fondo; ninguna debe rotularse como ESS Kish. | J34: Como la imputación de fondo distribuye masa sobre el marco, una celda con masa esperada de asignación (Σq) positiva no necesariamente tiene soporte directo. Se separan Σq total, directa y de fondo; ninguna debe rotularse como ESS Kish. | K34: Como la imputación de fondo distribuye masa sobre el marco, una celda con masa esperada de asignación (Σq) positiva no necesariamente tiene soporte directo. Se separan Σq total, directa y de fondo; ninguna debe rotularse como ESS Kish. | L34: Como la imputación de fondo distribuye masa sobre el marco, una celda con masa esperada de asignación (Σq) positiva no necesariamente tiene soporte directo. Se separan Σq total, directa y de fondo; ninguna debe rotularse como ESS Kish.

Sheet 05_VINCULACION
A1: Vinculación probabilística y estabilidad | B1: Vinculación probabilística y estabilidad | C1: Vinculación probabilística y estabilidad | D1: Vinculación probabilística y estabilidad | E1: Vinculación probabilística y estabilidad | F1: Vinculación probabilística y estabilidad | G1: Vinculación probabilística y estabilidad | H1: Vinculación probabilística y estabilidad | I1: Vinculación probabilística y estabilidad | J1: Vinculación probabilística y estabilidad | K1: Vinculación probabilística y estabilidad | L1: Vinculación probabilística y estabilidad
A2: La hoja informa incertidumbre de enlace sin exponer nombres, perfiles, URLs ni cédulas. Concentración alta no significa identidad verificada. | B2: La hoja informa incertidumbre de enlace sin exponer nombres, perfiles, URLs ni cédulas. Concentración alta no significa identidad verificada. | C2: La hoja informa incertidumbre de enlace sin exponer nombres, perfiles, URLs ni cédulas. Concentración alta no significa identidad verificada. | D2: La hoja informa incertidumbre de enlace sin exponer nombres, perfiles, URLs ni cédulas. Concentración alta no significa identidad verificada. | E2: La hoja informa incertidumbre de enlace sin exponer nombres, perfiles, URLs ni cédulas. Concentración alta no significa identidad verificada. | F2: La hoja informa incertidumbre de enlace sin exponer nombres, perfiles, URLs ni cédulas. Concentración alta no significa identidad verificada. | G2: La hoja informa incertidumbre de enlace sin exponer nombres, perfiles, URLs ni cédulas. Concentración alta no significa identidad verificada. | H2: La hoja informa incertidumbre de enlace sin exponer nombres, perfiles, URLs ni cédulas. Concentración alta no significa identidad verificada. | I2: La hoja informa incertidumbre de enlace sin exponer nombres, perfiles, URLs ni cédulas. Concentración alta no significa identidad verificada. | J2: La hoja informa incertidumbre de enlace sin exponer nombres, perfiles, URLs ni cédulas. Concentración alta no significa identidad verificada. | K2: La hoja informa incertidumbre de enlace sin exponer nombres, perfiles, URLs ni cédulas. Concentración alta no significa identidad verificada. | L2: La hoja informa incertidumbre de enlace sin exponer nombres, perfiles, URLs ni cédulas. Concentración alta no significa identidad verificada.
A3: VERSIÓN PRELIMINAR · El enlace individual con el padrón se está reconstruyendo; esta hoja documenta la vinculación probabilística actual. | B3: VERSIÓN PRELIMINAR · El enlace individual con el padrón se está reconstruyendo; esta hoja documenta la vinculación probabilística actual. | C3: VERSIÓN PRELIMINAR · El enlace individual con el padrón se está reconstruyendo; esta hoja documenta la vinculación probabilística actual. | D3: VERSIÓN PRELIMINAR · El enlace individual con el padrón se está reconstruyendo; esta hoja documenta la vinculación probabilística actual. | E3: VERSIÓN PRELIMINAR · El enlace individual con el padrón se está reconstruyendo; esta hoja documenta la vinculación probabilística actual. | F3: VERSIÓN PRELIMINAR · El enlace individual con el padrón se está reconstruyendo; esta hoja documenta la vinculación probabilística actual. | G3: VERSIÓN PRELIMINAR · El enlace individual con el padrón se está reconstruyendo; esta hoja documenta la vinculación probabilística actual. | H3: VERSIÓN PRELIMINAR · El enlace individual con el padrón se está reconstruyendo; esta hoja documenta la vinculación probabilística actual. | I3: VERSIÓN PRELIMINAR · El enlace individual con el padrón se está reconstruyendo; esta hoja documenta la vinculación probabilística actual. | J3: VERSIÓN PRELIMINAR · El enlace individual con el padrón se está reconstruyendo; esta hoja documenta la vinculación probabilística actual. | K3: VERSIÓN PRELIMINAR · El enlace individual con el padrón se está reconstruyendo; esta hoja documenta la vinculación probabilística actual. | L3: VERSIÓN PRELIMINAR · El enlace individual con el padrón se está reconstruyendo; esta hoja documenta la vinculación probabilística actual.
A5: Métrica | B5: Valor | C5: Definición | D5: Lectura
A6: Observaciones | B6: =COUNTA('09_BASE_AUDITABLE'!$A$2:$A$3666) -> 3665 | C6: Registros w04
A7: Identidad estable | B7: 0 | C7: Coincidencia estable | D7: No disponible en agosto
A8: pmax media | B8: =AVERAGE('09_BASE_AUDITABLE'!$C$2:$C$3666) -> 0.40642565 | C8: Mayor probabilidad de celda por persona | D8: Concentración del vínculo
A9: pmax mediana | B9: =MEDIAN('09_BASE_AUDITABLE'!$C$2:$C$3666) -> 0.27 | C9: Mediana por persona | D9: Concentración del vínculo
A10: Entropía normalizada media | B10: =AVERAGE('09_BASE_AUDITABLE'!$D$2:$D$3666) -> 0.64688859 | C10: 0 concentrado; 1 difuso | D10: Incertidumbre de vínculo
A11: Entropía normalizada mediana | B11: =MEDIAN('09_BASE_AUDITABLE'!$D$2:$D$3666) -> 0.74281493 | C11: 0 concentrado; 1 difuso | D11: Incertidumbre de vínculo
A12: Fracción de fondo | B12: =AVERAGE('09_BASE_AUDITABLE'!$E$2:$E$3666) -> 0.35357435 | C12: Simulaciones de imputación de fondo | D12: Incertidumbre estructural
A13: Clasificación | B13: 100% probabilístico | C13: Sin firme/corroborado | D13: No ocultar
A16: Concentración de vínculo | B16: Concentración de vínculo | C16: Concentración de vínculo | D16: Concentración de vínculo | E16: Concentración de vínculo | F16: Concentración de vínculo
A17: Grupo | B17: Regla | C17: Casos | D17: %
A18: Alta | B18: pmax ≥ 0,80 | C18: =COUNTIF('09_BASE_AUDITABLE'!$F$2:$F$3666,"alta") -> 1077 | D18: =C18/SUM($C$18:$C$20) -> 0.29386085
A19: Media | B19: 0,50 ≤ pmax < 0,80 | C19: =COUNTIF('09_BASE_AUDITABLE'!$F$2:$F$3666,"media") -> 268 | D19: =C19/SUM($C$18:$C$20) -> 0.073124147
A20: Baja | B20: pmax < 0,50 | C20: =COUNTIF('09_BASE_AUDITABLE'!$F$2:$F$3666,"baja") -> 2320 | D20: =C20/SUM($C$18:$C$20) -> 0.63301501
A23: Exclusión precomputada de casos más inciertos | B23: Exclusión precomputada de casos más inciertos | C23: Exclusión precomputada de casos más inciertos | D23: Exclusión precomputada de casos más inciertos | E23: Exclusión precomputada de casos más inciertos | F23: Exclusión precomputada de casos más inciertos | G23: Exclusión precomputada de casos más inciertos | H23: Exclusión precomputada de casos más inciertos
A24: Escenario | B24: Criterio | C24: n retenido | D24: Pereira estimado | E24: Nota
A25: Todos | B25: Sin exclusión | C25: =COUNT('09_BASE_AUDITABLE'!$B$2:$B$3666) -> 3665 | D25: =AVERAGE('09_BASE_AUDITABLE'!$B$2:$B$3666) -> 0.473397 | E25: Sin reajuste
A26: Excluir 10% más incierto | B26: Orden exacto por incertidumbre | C26: 3299 | D26: 0.48647366 | E26: media ponderada de sensibilidad; no es un nuevo MRP
A27: Excluir 20% más incierto | B27: Orden exacto por incertidumbre | C27: 2932 | D27: 0.48614212 | E27: media ponderada de sensibilidad; no es un nuevo MRP
A28: Excluir 30% más incierto | B28: Orden exacto por incertidumbre | C28: 2566 | D28: 0.47457828 | E28: media ponderada de sensibilidad; no es un nuevo MRP
A30: Estabilidad por cantidad de simulaciones de vínculo | B30: Estabilidad por cantidad de simulaciones de vínculo | C30: Estabilidad por cantidad de simulaciones de vínculo | D30: Estabilidad por cantidad de simulaciones de vínculo | E30: Estabilidad por cantidad de simulaciones de vínculo | F30: Estabilidad por cantidad de simulaciones de vínculo | G30: Estabilidad por cantidad de simulaciones de vínculo | H30: Estabilidad por cantidad de simulaciones de vínculo
A31: Simulaciones | B31: Resultado M3 | C31: Δ vs 1.000 | D31: Estado
A32: 100 | B32: =AVERAGE('09_BASE_AUDITABLE'!$AE$2:$AE$4001) -> 0.47895192 | D32: NO DISPONIBLE
A33: 500 | D33: NO DISPONIBLE
A34: 1000 | D34: NO DISPONIBLE
A36: El archivo actual contiene 100 simulaciones de vínculo por observación. Los renglones de 500 y 1.000 permanecen explícitamente como no disponibles; el libro no inventa estabilidad no calculada. | B36: El archivo actual contiene 100 simulaciones de vínculo por observación. Los renglones de 500 y 1.000 permanecen explícitamente como no disponibles; el libro no inventa estabilidad no calculada. | C36: El archivo actual contiene 100 simulaciones de vínculo por observación. Los renglones de 500 y 1.000 permanecen explícitamente como no disponibles; el libro no inventa estabilidad no calculada. | D36: El archivo actual contiene 100 simulaciones de vínculo por observación. Los renglones de 500 y 1.000 permanecen explícitamente como no disponibles; el libro no inventa estabilidad no calculada. | E36: El archivo actual contiene 100 simulaciones de vínculo por observación. Los renglones de 500 y 1.000 permanecen explícitamente como no disponibles; el libro no inventa estabilidad no calculada. | F36: El archivo actual contiene 100 simulaciones de vínculo por observación. Los renglones de 500 y 1.000 permanecen explícitamente como no disponibles; el libro no inventa estabilidad no calculada. | G36: El archivo actual contiene 100 simulaciones de vínculo por observación. Los renglones de 500 y 1.000 permanecen explícitamente como no disponibles; el libro no inventa estabilidad no calculada. | H36: El archivo actual contiene 100 simulaciones de vínculo por observación. Los renglones de 500 y 1.000 permanecen explícitamente como no disponibles; el libro no inventa estabilidad no calculada. | I36: El archivo actual contiene 100 simulaciones de vínculo por observación. Los renglones de 500 y 1.000 permanecen explícitamente como no disponibles; el libro no inventa estabilidad no calculada. | J36: El archivo actual contiene 100 simulaciones de vínculo por observación. Los renglones de 500 y 1.000 permanecen explícitamente como no disponibles; el libro no inventa estabilidad no calculada. | K36: El archivo actual contiene 100 simulaciones de vínculo por observación. Los renglones de 500 y 1.000 permanecen explícitamente como no disponibles; el libro no inventa estabilidad no calculada. | L36: El archivo actual contiene 100 simulaciones de vínculo por observación. Los renglones de 500 y 1.000 permanecen explícitamente como no disponibles; el libro no inventa estabilidad no calculada.
A37: El archivo actual contiene 100 simulaciones de vínculo por observación. Los renglones de 500 y 1.000 permanecen explícitamente como no disponibles; el libro no inventa estabilidad no calculada. | B37: El archivo actual contiene 100 simulaciones de vínculo por observación. Los renglones de 500 y 1.000 permanecen explícitamente como no disponibles; el libro no inventa estabilidad no calculada. | C37: El archivo actual contiene 100 simulaciones de vínculo por observación. Los renglones de 500 y 1.000 permanecen explícitamente como no disponibles; el libro no inventa estabilidad no calculada. | D37: El archivo actual contiene 100 simulaciones de vínculo por observación. Los renglones de 500 y 1.000 permanecen explícitamente como no disponibles; el libro no inventa estabilidad no calculada. | E37: El archivo actual contiene 100 simulaciones de vínculo por observación. Los renglones de 500 y 1.000 permanecen explícitamente como no disponibles; el libro no inventa estabilidad no calculada. | F37: El archivo actual contiene 100 simulaciones de vínculo por observación. Los renglones de 500 y 1.000 permanecen explícitamente como no disponibles; el libro no inventa estabilidad no calculada. | G37: El archivo actual contiene 100 simulaciones de vínculo por observación. Los renglones de 500 y 1.000 permanecen explícitamente como no disponibles; el libro no inventa estabilidad no calculada. | H37: El archivo actual contiene 100 simulaciones de vínculo por observación. Los renglones de 500 y 1.000 permanecen explícitamente como no disponibles; el libro no inventa estabilidad no calculada. | I37: El archivo actual contiene 100 simulaciones de vínculo por observación. Los renglones de 500 y 1.000 permanecen explícitamente como no disponibles; el libro no inventa estabilidad no calculada. | J37: El archivo actual contiene 100 simulaciones de vínculo por observación. Los renglones de 500 y 1.000 permanecen explícitamente como no disponibles; el libro no inventa estabilidad no calculada. | K37: El archivo actual contiene 100 simulaciones de vínculo por observación. Los renglones de 500 y 1.000 permanecen explícitamente como no disponibles; el libro no inventa estabilidad no calculada. | L37: El archivo actual contiene 100 simulaciones de vínculo por observación. Los renglones de 500 y 1.000 permanecen explícitamente como no disponibles; el libro no inventa estabilidad no calculada.
A38: El archivo actual contiene 100 simulaciones de vínculo por observación. Los renglones de 500 y 1.000 permanecen explícitamente como no disponibles; el libro no inventa estabilidad no calculada. | B38: El archivo actual contiene 100 simulaciones de vínculo por observación. Los renglones de 500 y 1.000 permanecen explícitamente como no disponibles; el libro no inventa estabilidad no calculada. | C38: El archivo actual contiene 100 simulaciones de vínculo por observación. Los renglones de 500 y 1.000 permanecen explícitamente como no disponibles; el libro no inventa estabilidad no calculada. | D38: El archivo actual contiene 100 simulaciones de vínculo por observación. Los renglones de 500 y 1.000 permanecen explícitamente como no disponibles; el libro no inventa estabilidad no calculada. | E38: El archivo actual contiene 100 simulaciones de vínculo por observación. Los renglones de 500 y 1.000 permanecen explícitamente como no disponibles; el libro no inventa estabilidad no calculada. | F38: El archivo actual contiene 100 simulaciones de vínculo por observación. Los renglones de 500 y 1.000 permanecen explícitamente como no disponibles; el libro no inventa estabilidad no calculada. | G38: El archivo actual contiene 100 simulaciones de vínculo por observación. Los renglones de 500 y 1.000 permanecen explícitamente como no disponibles; el libro no inventa estabilidad no calculada. | H38: El archivo actual contiene 100 simulaciones de vínculo por observación. Los renglones de 500 y 1.000 permanecen explícitamente como no disponibles; el libro no inventa estabilidad no calculada. | I38: El archivo actual contiene 100 simulaciones de vínculo por observación. Los renglones de 500 y 1.000 permanecen explícitamente como no disponibles; el libro no inventa estabilidad no calculada. | J38: El archivo actual contiene 100 simulaciones de vínculo por observación. Los renglones de 500 y 1.000 permanecen explícitamente como no disponibles; el libro no inventa estabilidad no calculada. | K38: El archivo actual contiene 100 simulaciones de vínculo por observación. Los renglones de 500 y 1.000 permanecen explícitamente como no disponibles; el libro no inventa estabilidad no calculada. | L38: El archivo actual contiene 100 simulaciones de vínculo por observación. Los renglones de 500 y 1.000 permanecen explícitamente como no disponibles; el libro no inventa estabilidad no calculada.

Sheet 06_VALIDACION
A1: Validación y controles reproducibles | B1: Validación y controles reproducibles | C1: Validación y controles reproducibles | D1: Validación y controles reproducibles | E1: Validación y controles reproducibles | F1: Validación y controles reproducibles | G1: Validación y controles reproducibles | H1: Validación y controles reproducibles | I1: Validación y controles reproducibles | J1: Validación y controles reproducibles | K1: Validación y controles reproducibles | L1: Validación y controles reproducibles | M1: Validación y controles reproducibles
A2: M3 usa NUTS como inferencia primaria; se muestran diagnósticos reales de las cadenas. M4 queda como robustez calibrada P99. | B2: M3 usa NUTS como inferencia primaria; se muestran diagnósticos reales de las cadenas. M4 queda como robustez calibrada P99. | C2: M3 usa NUTS como inferencia primaria; se muestran diagnósticos reales de las cadenas. M4 queda como robustez calibrada P99. | D2: M3 usa NUTS como inferencia primaria; se muestran diagnósticos reales de las cadenas. M4 queda como robustez calibrada P99. | E2: M3 usa NUTS como inferencia primaria; se muestran diagnósticos reales de las cadenas. M4 queda como robustez calibrada P99. | F2: M3 usa NUTS como inferencia primaria; se muestran diagnósticos reales de las cadenas. M4 queda como robustez calibrada P99. | G2: M3 usa NUTS como inferencia primaria; se muestran diagnósticos reales de las cadenas. M4 queda como robustez calibrada P99. | H2: M3 usa NUTS como inferencia primaria; se muestran diagnósticos reales de las cadenas. M4 queda como robustez calibrada P99. | I2: M3 usa NUTS como inferencia primaria; se muestran diagnósticos reales de las cadenas. M4 queda como robustez calibrada P99. | J2: M3 usa NUTS como inferencia primaria; se muestran diagnósticos reales de las cadenas. M4 queda como robustez calibrada P99. | K2: M3 usa NUTS como inferencia primaria; se muestran diagnósticos reales de las cadenas. M4 queda como robustez calibrada P99. | L2: M3 usa NUTS como inferencia primaria; se muestran diagnósticos reales de las cadenas. M4 queda como robustez calibrada P99. | M2: M3 usa NUTS como inferencia primaria; se muestran diagnósticos reales de las cadenas. M4 queda como robustez calibrada P99.
A5: Modelo | B5: Convergió | C5: Iteraciones | D5: Parámetros | E5: Inferencia | F5: Estado | G5: Observación
A6: M1 | B6: Sí | C6: 19 | D6: 21 | E6: MAP + aproximación condicional Laplace/Fisher | F6: CUMPLE | G6: Especificación auxiliar
A7: M2 | B7: Sí | C7: 23 | D7: 24 | E7: MAP + aproximación condicional Laplace/Fisher | F7: CUMPLE | G7: Especificación auxiliar
A8: M3 (primario) | B8: Sí | C8: 4×1000 | D8: 267 | E8: NUTS (nutpie) | F8: CUMPLE | G8: NUTS posterior; MAP sólo inicializador
A9: M4 (robustez) | B9: Sí | C9: 24 | D9: 267 | E9: MAP + aproximación Laplace/Fisher con pseudo-verosimilitud calibrada P99 | F9: CUMPLE | G9: Robustez calibrada P99
A12: Diagnósticos posteriores del modelo primario | B12: Diagnósticos posteriores del modelo primario | C12: Diagnósticos posteriores del modelo primario | D12: Diagnósticos posteriores del modelo primario | E12: Diagnósticos posteriores del modelo primario | F12: Diagnósticos posteriores del modelo primario | G12: Diagnósticos posteriores del modelo primario
A13: Diagnóstico | B13: Valor | C13: Umbral | D13: Estado | E13: Fuente | F13: Lectura
A14: Cadenas | B14: 4 | C14: informativo | D14: INFORMATIVO | E14: M3.fit.nuts_posterior | F14: Muestreo independiente
A15: Simulaciones por cadena | B15: 1000 | C15: informativo | D15: INFORMATIVO | E15: M3.fit.nuts_posterior | F15: Posteriores
A16: Simulaciones posteriores | B16: 4000 | C16: 4000 | D16: =IF(B16=C16,"CUMPLE","NO CUMPLE") -> CUMPLE | E16: M3.fit.nuts_posterior / NPZ | F16: Debe reconciliar
A17: R-hat máximo | B17: 1.0078821 | C17: 1.01 | D17: =IF(B17<C17,"CUMPLE","NO CUMPLE") -> CUMPLE | E17: M3.fit.nuts_diagnostics | F17: Menor es mejor
A18: ESS bulk mínimo | B18: 1246.4851 | C18: 400 | D18: =IF(B18>C18,"CUMPLE","NO CUMPLE") -> CUMPLE | E18: M3.fit.nuts_diagnostics | F18: Mayor es mejor
A19: ESS tail mínimo | B19: 1927.5258 | C19: 400 | D19: =IF(B19>C19,"CUMPLE","NO CUMPLE") -> CUMPLE | E19: M3.fit.nuts_diagnostics | F19: Mayor es mejor
A20: Divergencias | B20: 0 | C20: 0 | D20: =IF(B20=C20,"CUMPLE","NO CUMPLE") -> CUMPLE | E20: M3.fit.nuts_diagnostics | F20: Debe ser cero
A21: Control global | B21: 1 | C21: 1 | D21: CUMPLE | E21: M3.fit.nuts_diagnostics | F21: Conjunción de umbrales
A24: Reconciliaciones con fórmulas visibles | B24: Reconciliaciones con fórmulas visibles | C24: Reconciliaciones con fórmulas visibles | D24: Reconciliaciones con fórmulas visibles | E24: Reconciliaciones con fórmulas visibles | F24: Reconciliaciones con fórmulas visibles | G24: Reconciliaciones con fórmulas visibles
A25: Control | B25: Calculado | C25: Esperado | D25: Tolerancia | E25: Estado | F25: Fuente
A26: Observaciones | B26: =COUNTA('09_BASE_AUDITABLE'!$A$2:$A$3666) -> 3665 | C26: 3665 | D26: 0 | E26: =IF(ABS(B26-C26)<=D26,"CUMPLE","NO CUMPLE") -> CUMPLE | F26: Base
A27: Votos Pereira | B27: =SUM('09_BASE_AUDITABLE'!$B$2:$B$3666) -> 1735 | C27: 1735 | D27: 0 | E27: =IF(ABS(B27-C27)<=D27,"CUMPLE","NO CUMPLE") -> CUMPLE | F27: Base
A28: Votos Remesowski | B28: =B26-B27 -> 1930 | C28: 1930 | D28: 0 | E28: =IF(ABS(B28-C28)<=D28,"CUMPLE","NO CUMPLE") -> CUMPLE | F28: Base
A29: Padrón | B29: =SUM('09_BASE_AUDITABLE'!$Q$2:$Q$2077) -> 89097 | C29: 89097 | D29: 1e-06 | E29: =IF(ABS(B29-C29)<=D29,"CUMPLE","NO CUMPLE") -> CUMPLE | F29: Base
A30: Celdas | B30: =COUNTA('09_BASE_AUDITABLE'!$L$2:$L$2077) -> 2076 | C30: 2076 | D30: 0 | E30: =IF(ABS(B30-C30)<=D30,"CUMPLE","NO CUMPLE") -> CUMPLE | F30: Base
A31: Simulaciones M3 registrados | B31: =COUNT('09_BASE_AUDITABLE'!$AA$2:$AA$4001) -> 4000 | C31: 4000 | D31: 0 | E31: =IF(ABS(B31-C31)<=D31,"CUMPLE","NO CUMPLE") -> CUMPLE | F31: NPZ
A32: Simulaciones M3 probables | B32: =COUNT('09_BASE_AUDITABLE'!$AE$2:$AE$4001) -> 4000 | C32: 4000 | D32: 0 | E32: =IF(ABS(B32-C32)<=D32,"CUMPLE","NO CUMPLE") -> CUMPLE | F32: NPZ
A33: Complemento bilateral del estimando | B33: ='01_RESULTADO_AGOSTO'!B8+'01_RESULTADO_AGOSTO'!C8 -> 1 | C33: 1 | D33: 1e-10 | E33: =IF(ABS(B33-C33)<=D33,"CUMPLE","NO CUMPLE") -> CUMPLE | F33: Fórmula
A34: Curva Γ votantes probables | B34: =COUNTA('07_SENSIBILIDAD'!$A$18:$A$24) -> 7 | C34: 7 | D34: 0 | E34: =IF(ABS(B34-C34)<=D34,"CUMPLE","NO CUMPLE") -> CUMPLE | F34: CSV/JSON
A35: Curva Γ registrados | B35: =COUNTA('07_SENSIBILIDAD'!$A$6:$A$12) -> 7 | C35: 7 | D35: 0 | E35: =IF(ABS(B35-C35)<=D35,"CUMPLE","NO CUMPLE") -> CUMPLE | F35: CSV/JSON
A38: Validaciones adicionales entregadas | B38: Validaciones adicionales entregadas | C38: Validaciones adicionales entregadas | D38: Validaciones adicionales entregadas | E38: Validaciones adicionales entregadas | F38: Validaciones adicionales entregadas | G38: Validaciones adicionales entregadas
A39: Prueba | B39: Disponible | C39: Resultado | D39: Motor / alcance | E39: Estado
A40: Equivalencia de vinculación | B40: Sí | C40: máximo |Δq| = 0 | D40: comparación exacta · q_hat100 condicionado | E40: CUMPLE
A41: PPC por sexo y edad | B41: Sí | C41: 8 grupos; cobertura 95%: 8/8 | D41: M3 NUTS posterior · PPC condicionado a q_hat | E41: INFORMATIVO
A42: PPC por local | B42: Sí | C42: 17 grupos; cobertura 95%: 16/17 | D42: M3 NUTS posterior · PPC condicionado a q_hat | E42: INFORMATIVO
A43: PPC por soporte | B43: Sí | C43: 5 grupos; cobertura 95%: 4/5 | D43: M3 NUTS posterior · PPC condicionado a q_hat | E43: INFORMATIVO
A44: Recuperación sintética | B44: Sí | C44: 3 centros × 3 réplicas; 9/9 MAP convergidos | D44: M3 MAP + Laplace aproximada · SIMULACION | E44: INFORMATIVO
A45: Cinco refits 50/50 | B45: Sí | C45: 5 splits; 10 refits MAP; 10/10 convergidos | D45: M3 MAP refit · particiones 50/50 | E45: INFORMATIVO
A46: Refits de locales influyentes | B46: Sí | C46: 3 locales; 3 refits MAP; 3/3 convergidos | D46: M3 MAP refit · locales influyentes | E46: INFORMATIVO
A49: Los diagnósticos NUTS se leen de M3.fit.nuts_posterior y M3.fit.nuts_diagnostics, y se reconcilian con el NPZ; map_initializer sólo documenta la inicialización y no se mezcla con el posterior. Las validaciones adicionales provienen de validaciones_agosto.json; si falta, permanecen como REVISAR. | B49: Los diagnósticos NUTS se leen de M3.fit.nuts_posterior y M3.fit.nuts_diagnostics, y se reconcilian con el NPZ; map_initializer sólo documenta la inicialización y no se mezcla con el posterior. Las validaciones adicionales provienen de validaciones_agosto.json; si falta, permanecen como REVISAR. | C49: Los diagnósticos NUTS se leen de M3.fit.nuts_posterior y M3.fit.nuts_diagnostics, y se reconcilian con el NPZ; map_initializer sólo documenta la inicialización y no se mezcla con el posterior. Las validaciones adicionales provienen de validaciones_agosto.json; si falta, permanecen como REVISAR. | D49: Los diagnósticos NUTS se leen de M3.fit.nuts_posterior y M3.fit.nuts_diagnostics, y se reconcilian con el NPZ; map_initializer sólo documenta la inicialización y no se mezcla con el posterior. Las validaciones adicionales provienen de validaciones_agosto.json; si falta, permanecen como REVISAR. | E49: Los diagnósticos NUTS se leen de M3.fit.nuts_posterior y M3.fit.nuts_diagnostics, y se reconcilian con el NPZ; map_initializer sólo documenta la inicialización y no se mezcla con el posterior. Las validaciones adicionales provienen de validaciones_agosto.json; si falta, permanecen como REVISAR. | F49: Los diagnósticos NUTS se leen de M3.fit.nuts_posterior y M3.fit.nuts_diagnostics, y se reconcilian con el NPZ; map_initializer sólo documenta la inicialización y no se mezcla con el posterior. Las validaciones adicionales provienen de validaciones_agosto.json; si falta, permanecen como REVISAR. | G49: Los diagnósticos NUTS se leen de M3.fit.nuts_posterior y M3.fit.nuts_diagnostics, y se reconcilian con el NPZ; map_initializer sólo documenta la inicialización y no se mezcla con el posterior. Las validaciones adicionales provienen de validaciones_agosto.json; si falta, permanecen como REVISAR. | H49: Los diagnósticos NUTS se leen de M3.fit.nuts_posterior y M3.fit.nuts_diagnostics, y se reconcilian con el NPZ; map_initializer sólo documenta la inicialización y no se mezcla con el posterior. Las validaciones adicionales provienen de validaciones_agosto.json; si falta, permanecen como REVISAR. | I49: Los diagnósticos NUTS se leen de M3.fit.nuts_posterior y M3.fit.nuts_diagnostics, y se reconcilian con el NPZ; map_initializer sólo documenta la inicialización y no se mezcla con el posterior. Las validaciones adicionales provienen de validaciones_agosto.json; si falta, permanecen como REVISAR. | J49: Los diagnósticos NUTS se leen de M3.fit.nuts_posterior y M3.fit.nuts_diagnostics, y se reconcilian con el NPZ; map_initializer sólo documenta la inicialización y no se mezcla con el posterior. Las validaciones adicionales provienen de validaciones_agosto.json; si falta, permanecen como REVISAR. | K49: Los diagnósticos NUTS se leen de M3.fit.nuts_posterior y M3.fit.nuts_diagnostics, y se reconcilian con el NPZ; map_initializer sólo documenta la inicialización y no se mezcla con el posterior. Las validaciones adicionales provienen de validaciones_agosto.json; si falta, permanecen como REVISAR. | L49: Los diagnósticos NUTS se leen de M3.fit.nuts_posterior y M3.fit.nuts_diagnostics, y se reconcilian con el NPZ; map_initializer sólo documenta la inicialización y no se mezcla con el posterior. Las validaciones adicionales provienen de validaciones_agosto.json; si falta, permanecen como REVISAR. | M49: Los diagnósticos NUTS se leen de M3.fit.nuts_posterior y M3.fit.nuts_diagnostics, y se reconcilian con el NPZ; map_initializer sólo documenta la inicialización y no se mezcla con el posterior. Las validaciones adicionales provienen de validaciones_agosto.json; si falta, permanecen como REVISAR.
A50: Los diagnósticos NUTS se leen de M3.fit.nuts_posterior y M3.fit.nuts_diagnostics, y se reconcilian con el NPZ; map_initializer sólo documenta la inicialización y no se mezcla con el posterior. Las validaciones adicionales provienen de validaciones_agosto.json; si falta, permanecen como REVISAR. | B50: Los diagnósticos NUTS se leen de M3.fit.nuts_posterior y M3.fit.nuts_diagnostics, y se reconcilian con el NPZ; map_initializer sólo documenta la inicialización y no se mezcla con el posterior. Las validaciones adicionales provienen de validaciones_agosto.json; si falta, permanecen como REVISAR. | C50: Los diagnósticos NUTS se leen de M3.fit.nuts_posterior y M3.fit.nuts_diagnostics, y se reconcilian con el NPZ; map_initializer sólo documenta la inicialización y no se mezcla con el posterior. Las validaciones adicionales provienen de validaciones_agosto.json; si falta, permanecen como REVISAR. | D50: Los diagnósticos NUTS se leen de M3.fit.nuts_posterior y M3.fit.nuts_diagnostics, y se reconcilian con el NPZ; map_initializer sólo documenta la inicialización y no se mezcla con el posterior. Las validaciones adicionales provienen de validaciones_agosto.json; si falta, permanecen como REVISAR. | E50: Los diagnósticos NUTS se leen de M3.fit.nuts_posterior y M3.fit.nuts_diagnostics, y se reconcilian con el NPZ; map_initializer sólo documenta la inicialización y no se mezcla con el posterior. Las validaciones adicionales provienen de validaciones_agosto.json; si falta, permanecen como REVISAR. | F50: Los diagnósticos NUTS se leen de M3.fit.nuts_posterior y M3.fit.nuts_diagnostics, y se reconcilian con el NPZ; map_initializer sólo documenta la inicialización y no se mezcla con el posterior. Las validaciones adicionales provienen de validaciones_agosto.json; si falta, permanecen como REVISAR. | G50: Los diagnósticos NUTS se leen de M3.fit.nuts_posterior y M3.fit.nuts_diagnostics, y se reconcilian con el NPZ; map_initializer sólo documenta la inicialización y no se mezcla con el posterior. Las validaciones adicionales provienen de validaciones_agosto.json; si falta, permanecen como REVISAR. | H50: Los diagnósticos NUTS se leen de M3.fit.nuts_posterior y M3.fit.nuts_diagnostics, y se reconcilian con el NPZ; map_initializer sólo documenta la inicialización y no se mezcla con el posterior. Las validaciones adicionales provienen de validaciones_agosto.json; si falta, permanecen como REVISAR. | I50: Los diagnósticos NUTS se leen de M3.fit.nuts_posterior y M3.fit.nuts_diagnostics, y se reconcilian con el NPZ; map_initializer sólo documenta la inicialización y no se mezcla con el posterior. Las validaciones adicionales provienen de validaciones_agosto.json; si falta, permanecen como REVISAR. | J50: Los diagnósticos NUTS se leen de M3.fit.nuts_posterior y M3.fit.nuts_diagnostics, y se reconcilian con el NPZ; map_initializer sólo documenta la inicialización y no se mezcla con el posterior. Las validaciones adicionales provienen de validaciones_agosto.json; si falta, permanecen como REVISAR. | K50: Los diagnósticos NUTS se leen de M3.fit.nuts_posterior y M3.fit.nuts_diagnostics, y se reconcilian con el NPZ; map_initializer sólo documenta la inicialización y no se mezcla con el posterior. Las validaciones adicionales provienen de validaciones_agosto.json; si falta, permanecen como REVISAR. | L50: Los diagnósticos NUTS se leen de M3.fit.nuts_posterior y M3.fit.nuts_diagnostics, y se reconcilian con el NPZ; map_initializer sólo documenta la inicialización y no se mezcla con el posterior. Las validaciones adicionales provienen de validaciones_agosto.json; si falta, permanecen como REVISAR. | M50: Los diagnósticos NUTS se leen de M3.fit.nuts_posterior y M3.fit.nuts_diagnostics, y se reconcilian con el NPZ; map_initializer sólo documenta la inicialización y no se mezcla con el posterior. Las validaciones adicionales provienen de validaciones_agosto.json; si falta, permanecen como REVISAR.
A51: Los diagnósticos NUTS se leen de M3.fit.nuts_posterior y M3.fit.nuts_diagnostics, y se reconcilian con el NPZ; map_initializer sólo documenta la inicialización y no se mezcla con el posterior. Las validaciones adicionales provienen de validaciones_agosto.json; si falta, permanecen como REVISAR. | B51: Los diagnósticos NUTS se leen de M3.fit.nuts_posterior y M3.fit.nuts_diagnostics, y se reconcilian con el NPZ; map_initializer sólo documenta la inicialización y no se mezcla con el posterior. Las validaciones adicionales provienen de validaciones_agosto.json; si falta, permanecen como REVISAR. | C51: Los diagnósticos NUTS se leen de M3.fit.nuts_posterior y M3.fit.nuts_diagnostics, y se reconcilian con el NPZ; map_initializer sólo documenta la inicialización y no se mezcla con el posterior. Las validaciones adicionales provienen de validaciones_agosto.json; si falta, permanecen como REVISAR. | D51: Los diagnósticos NUTS se leen de M3.fit.nuts_posterior y M3.fit.nuts_diagnostics, y se reconcilian con el NPZ; map_initializer sólo documenta la inicialización y no se mezcla con el posterior. Las validaciones adicionales provienen de validaciones_agosto.json; si falta, permanecen como REVISAR. | E51: Los diagnósticos NUTS se leen de M3.fit.nuts_posterior y M3.fit.nuts_diagnostics, y se reconcilian con el NPZ; map_initializer sólo documenta la inicialización y no se mezcla con el posterior. Las validaciones adicionales provienen de validaciones_agosto.json; si falta, permanecen como REVISAR. | F51: Los diagnósticos NUTS se leen de M3.fit.nuts_posterior y M3.fit.nuts_diagnostics, y se reconcilian con el NPZ; map_initializer sólo documenta la inicialización y no se mezcla con el posterior. Las validaciones adicionales provienen de validaciones_agosto.json; si falta, permanecen como REVISAR. | G51: Los diagnósticos NUTS se leen de M3.fit.nuts_posterior y M3.fit.nuts_diagnostics, y se reconcilian con el NPZ; map_initializer sólo documenta la inicialización y no se mezcla con el posterior. Las validaciones adicionales provienen de validaciones_agosto.json; si falta, permanecen como REVISAR. | H51: Los diagnósticos NUTS se leen de M3.fit.nuts_posterior y M3.fit.nuts_diagnostics, y se reconcilian con el NPZ; map_initializer sólo documenta la inicialización y no se mezcla con el posterior. Las validaciones adicionales provienen de validaciones_agosto.json; si falta, permanecen como REVISAR. | I51: Los diagnósticos NUTS se leen de M3.fit.nuts_posterior y M3.fit.nuts_diagnostics, y se reconcilian con el NPZ; map_initializer sólo documenta la inicialización y no se mezcla con el posterior. Las validaciones adicionales provienen de validaciones_agosto.json; si falta, permanecen como REVISAR. | J51: Los diagnósticos NUTS se leen de M3.fit.nuts_posterior y M3.fit.nuts_diagnostics, y se reconcilian con el NPZ; map_initializer sólo documenta la inicialización y no se mezcla con el posterior. Las validaciones adicionales provienen de validaciones_agosto.json; si falta, permanecen como REVISAR. | K51: Los diagnósticos NUTS se leen de M3.fit.nuts_posterior y M3.fit.nuts_diagnostics, y se reconcilian con el NPZ; map_initializer sólo documenta la inicialización y no se mezcla con el posterior. Las validaciones adicionales provienen de validaciones_agosto.json; si falta, permanecen como REVISAR. | L51: Los diagnósticos NUTS se leen de M3.fit.nuts_posterior y M3.fit.nuts_diagnostics, y se reconcilian con el NPZ; map_initializer sólo documenta la inicialización y no se mezcla con el posterior. Las validaciones adicionales provienen de validaciones_agosto.json; si falta, permanecen como REVISAR. | M51: Los diagnósticos NUTS se leen de M3.fit.nuts_posterior y M3.fit.nuts_diagnostics, y se reconcilian con el NPZ; map_initializer sólo documenta la inicialización y no se mezcla con el posterior. Las validaciones adicionales provienen de validaciones_agosto.json; si falta, permanecen como REVISAR.
A52: Los diagnósticos NUTS se leen de M3.fit.nuts_posterior y M3.fit.nuts_diagnostics, y se reconcilian con el NPZ; map_initializer sólo documenta la inicialización y no se mezcla con el posterior. Las validaciones adicionales provienen de validaciones_agosto.json; si falta, permanecen como REVISAR. | B52: Los diagnósticos NUTS se leen de M3.fit.nuts_posterior y M3.fit.nuts_diagnostics, y se reconcilian con el NPZ; map_initializer sólo documenta la inicialización y no se mezcla con el posterior. Las validaciones adicionales provienen de validaciones_agosto.json; si falta, permanecen como REVISAR. | C52: Los diagnósticos NUTS se leen de M3.fit.nuts_posterior y M3.fit.nuts_diagnostics, y se reconcilian con el NPZ; map_initializer sólo documenta la inicialización y no se mezcla con el posterior. Las validaciones adicionales provienen de validaciones_agosto.json; si falta, permanecen como REVISAR. | D52: Los diagnósticos NUTS se leen de M3.fit.nuts_posterior y M3.fit.nuts_diagnostics, y se reconcilian con el NPZ; map_initializer sólo documenta la inicialización y no se mezcla con el posterior. Las validaciones adicionales provienen de validaciones_agosto.json; si falta, permanecen como REVISAR. | E52: Los diagnósticos NUTS se leen de M3.fit.nuts_posterior y M3.fit.nuts_diagnostics, y se reconcilian con el NPZ; map_initializer sólo documenta la inicialización y no se mezcla con el posterior. Las validaciones adicionales provienen de validaciones_agosto.json; si falta, permanecen como REVISAR. | F52: Los diagnósticos NUTS se leen de M3.fit.nuts_posterior y M3.fit.nuts_diagnostics, y se reconcilian con el NPZ; map_initializer sólo documenta la inicialización y no se mezcla con el posterior. Las validaciones adicionales provienen de validaciones_agosto.json; si falta, permanecen como REVISAR. | G52: Los diagnósticos NUTS se leen de M3.fit.nuts_posterior y M3.fit.nuts_diagnostics, y se reconcilian con el NPZ; map_initializer sólo documenta la inicialización y no se mezcla con el posterior. Las validaciones adicionales provienen de validaciones_agosto.json; si falta, permanecen como REVISAR. | H52: Los diagnósticos NUTS se leen de M3.fit.nuts_posterior y M3.fit.nuts_diagnostics, y se reconcilian con el NPZ; map_initializer sólo documenta la inicialización y no se mezcla con el posterior. Las validaciones adicionales provienen de validaciones_agosto.json; si falta, permanecen como REVISAR. | I52: Los diagnósticos NUTS se leen de M3.fit.nuts_posterior y M3.fit.nuts_diagnostics, y se reconcilian con el NPZ; map_initializer sólo documenta la inicialización y no se mezcla con el posterior. Las validaciones adicionales provienen de validaciones_agosto.json; si falta, permanecen como REVISAR. | J52: Los diagnósticos NUTS se leen de M3.fit.nuts_posterior y M3.fit.nuts_diagnostics, y se reconcilian con el NPZ; map_initializer sólo documenta la inicialización y no se mezcla con el posterior. Las validaciones adicionales provienen de validaciones_agosto.json; si falta, permanecen como REVISAR. | K52: Los diagnósticos NUTS se leen de M3.fit.nuts_posterior y M3.fit.nuts_diagnostics, y se reconcilian con el NPZ; map_initializer sólo documenta la inicialización y no se mezcla con el posterior. Las validaciones adicionales provienen de validaciones_agosto.json; si falta, permanecen como REVISAR. | L52: Los diagnósticos NUTS se leen de M3.fit.nuts_posterior y M3.fit.nuts_diagnostics, y se reconcilian con el NPZ; map_initializer sólo documenta la inicialización y no se mezcla con el posterior. Las validaciones adicionales provienen de validaciones_agosto.json; si falta, permanecen como REVISAR. | M52: Los diagnósticos NUTS se leen de M3.fit.nuts_posterior y M3.fit.nuts_diagnostics, y se reconcilian con el NPZ; map_initializer sólo documenta la inicialización y no se mezcla con el posterior. Las validaciones adicionales provienen de validaciones_agosto.json; si falta, permanecen como REVISAR.
A53: Los diagnósticos NUTS se leen de M3.fit.nuts_posterior y M3.fit.nuts_diagnostics, y se reconcilian con el NPZ; map_initializer sólo documenta la inicialización y no se mezcla con el posterior. Las validaciones adicionales provienen de validaciones_agosto.json; si falta, permanecen como REVISAR. | B53: Los diagnósticos NUTS se leen de M3.fit.nuts_posterior y M3.fit.nuts_diagnostics, y se reconcilian con el NPZ; map_initializer sólo documenta la inicialización y no se mezcla con el posterior. Las validaciones adicionales provienen de validaciones_agosto.json; si falta, permanecen como REVISAR. | C53: Los diagnósticos NUTS se leen de M3.fit.nuts_posterior y M3.fit.nuts_diagnostics, y se reconcilian con el NPZ; map_initializer sólo documenta la inicialización y no se mezcla con el posterior. Las validaciones adicionales provienen de validaciones_agosto.json; si falta, permanecen como REVISAR. | D53: Los diagnósticos NUTS se leen de M3.fit.nuts_posterior y M3.fit.nuts_diagnostics, y se reconcilian con el NPZ; map_initializer sólo documenta la inicialización y no se mezcla con el posterior. Las validaciones adicionales provienen de validaciones_agosto.json; si falta, permanecen como REVISAR. | E53: Los diagnósticos NUTS se leen de M3.fit.nuts_posterior y M3.fit.nuts_diagnostics, y se reconcilian con el NPZ; map_initializer sólo documenta la inicialización y no se mezcla con el posterior. Las validaciones adicionales provienen de validaciones_agosto.json; si falta, permanecen como REVISAR. | F53: Los diagnósticos NUTS se leen de M3.fit.nuts_posterior y M3.fit.nuts_diagnostics, y se reconcilian con el NPZ; map_initializer sólo documenta la inicialización y no se mezcla con el posterior. Las validaciones adicionales provienen de validaciones_agosto.json; si falta, permanecen como REVISAR. | G53: Los diagnósticos NUTS se leen de M3.fit.nuts_posterior y M3.fit.nuts_diagnostics, y se reconcilian con el NPZ; map_initializer sólo documenta la inicialización y no se mezcla con el posterior. Las validaciones adicionales provienen de validaciones_agosto.json; si falta, permanecen como REVISAR. | H53: Los diagnósticos NUTS se leen de M3.fit.nuts_posterior y M3.fit.nuts_diagnostics, y se reconcilian con el NPZ; map_initializer sólo documenta la inicialización y no se mezcla con el posterior. Las validaciones adicionales provienen de validaciones_agosto.json; si falta, permanecen como REVISAR. | I53: Los diagnósticos NUTS se leen de M3.fit.nuts_posterior y M3.fit.nuts_diagnostics, y se reconcilian con el NPZ; map_initializer sólo documenta la inicialización y no se mezcla con el posterior. Las validaciones adicionales provienen de validaciones_agosto.json; si falta, permanecen como REVISAR. | J53: Los diagnósticos NUTS se leen de M3.fit.nuts_posterior y M3.fit.nuts_diagnostics, y se reconcilian con el NPZ; map_initializer sólo documenta la inicialización y no se mezcla con el posterior. Las validaciones adicionales provienen de validaciones_agosto.json; si falta, permanecen como REVISAR. | K53: Los diagnósticos NUTS se leen de M3.fit.nuts_posterior y M3.fit.nuts_diagnostics, y se reconcilian con el NPZ; map_initializer sólo documenta la inicialización y no se mezcla con el posterior. Las validaciones adicionales provienen de validaciones_agosto.json; si falta, permanecen como REVISAR. | L53: Los diagnósticos NUTS se leen de M3.fit.nuts_posterior y M3.fit.nuts_diagnostics, y se reconcilian con el NPZ; map_initializer sólo documenta la inicialización y no se mezcla con el posterior. Las validaciones adicionales provienen de validaciones_agosto.json; si falta, permanecen como REVISAR. | M53: Los diagnósticos NUTS se leen de M3.fit.nuts_posterior y M3.fit.nuts_diagnostics, y se reconcilian con el NPZ; map_initializer sólo documenta la inicialización y no se mezcla con el posterior. Las validaciones adicionales provienen de validaciones_agosto.json; si falta, permanecen como REVISAR.

Sheet 07_SENSIBILIDAD
A1: Sensibilidad de agosto | B1: Sensibilidad de agosto | C1: Sensibilidad de agosto | D1: Sensibilidad de agosto | E1: Sensibilidad de agosto | F1: Sensibilidad de agosto | G1: Sensibilidad de agosto | H1: Sensibilidad de agosto | I1: Sensibilidad de agosto | J1: Sensibilidad de agosto | K1: Sensibilidad de agosto | L1: Sensibilidad de agosto
A2: La curva Γ principal parte de M3 para el electorado registrado; el escenario de participación municipal histórica de 2021 por sexo y edad se muestra como secundario. Γ no identifica el sesgo real. | B2: La curva Γ principal parte de M3 para el electorado registrado; el escenario de participación municipal histórica de 2021 por sexo y edad se muestra como secundario. Γ no identifica el sesgo real. | C2: La curva Γ principal parte de M3 para el electorado registrado; el escenario de participación municipal histórica de 2021 por sexo y edad se muestra como secundario. Γ no identifica el sesgo real. | D2: La curva Γ principal parte de M3 para el electorado registrado; el escenario de participación municipal histórica de 2021 por sexo y edad se muestra como secundario. Γ no identifica el sesgo real. | E2: La curva Γ principal parte de M3 para el electorado registrado; el escenario de participación municipal histórica de 2021 por sexo y edad se muestra como secundario. Γ no identifica el sesgo real. | F2: La curva Γ principal parte de M3 para el electorado registrado; el escenario de participación municipal histórica de 2021 por sexo y edad se muestra como secundario. Γ no identifica el sesgo real. | G2: La curva Γ principal parte de M3 para el electorado registrado; el escenario de participación municipal histórica de 2021 por sexo y edad se muestra como secundario. Γ no identifica el sesgo real. | H2: La curva Γ principal parte de M3 para el electorado registrado; el escenario de participación municipal histórica de 2021 por sexo y edad se muestra como secundario. Γ no identifica el sesgo real. | I2: La curva Γ principal parte de M3 para el electorado registrado; el escenario de participación municipal histórica de 2021 por sexo y edad se muestra como secundario. Γ no identifica el sesgo real. | J2: La curva Γ principal parte de M3 para el electorado registrado; el escenario de participación municipal histórica de 2021 por sexo y edad se muestra como secundario. Γ no identifica el sesgo real. | K2: La curva Γ principal parte de M3 para el electorado registrado; el escenario de participación municipal histórica de 2021 por sexo y edad se muestra como secundario. Γ no identifica el sesgo real. | L2: La curva Γ principal parte de M3 para el electorado registrado; el escenario de participación municipal histórica de 2021 por sexo y edad se muestra como secundario. Γ no identifica el sesgo real.
A5: Γ | B5: P2,5 condicional | C5: P97,5 condicional | D5: Límite inferior | E5: Límite superior | F5: Lectura
A6: 1 | B6: =PERCENTILE('09_BASE_AUDITABLE'!$AA$2:$AA$4001,0.025) -> 0.46890807 | C6: =PERCENTILE('09_BASE_AUDITABLE'!$AA$2:$AA$4001,0.975) -> 0.50249399 | D6: =B6/(B6+A6*(1-B6)) -> 0.46890807 | E6: =A6*C6/(A6*C6+(1-C6)) -> 0.50249399 | F6: Incertidumbre condicional
A7: 1.1 | B7: =PERCENTILE('09_BASE_AUDITABLE'!$AA$2:$AA$4001,0.025) -> 0.46890807 | C7: =PERCENTILE('09_BASE_AUDITABLE'!$AA$2:$AA$4001,0.975) -> 0.50249399 | D7: =B7/(B7+A7*(1-B7)) -> 0.44526064 | E7: =A7*C7/(A7*C7+(1-C7)) -> 0.52629727 | F7: Selección no observada
A8: 1.25 | B8: =PERCENTILE('09_BASE_AUDITABLE'!$AA$2:$AA$4001,0.025) -> 0.46890807 | C8: =PERCENTILE('09_BASE_AUDITABLE'!$AA$2:$AA$4001,0.975) -> 0.50249399 | D8: =B8/(B8+A8*(1-B8)) -> 0.41394708 | E8: =A8*C8/(A8*C8+(1-C8)) -> 0.55801739 | F8: Selección no observada
A9: 1.5 | B9: =PERCENTILE('09_BASE_AUDITABLE'!$AA$2:$AA$4001,0.025) -> 0.46890807 | C9: =PERCENTILE('09_BASE_AUDITABLE'!$AA$2:$AA$4001,0.975) -> 0.50249399 | D9: =B9/(B9+A9*(1-B9)) -> 0.3705184 | E9: =A9*C9/(A9*C9+(1-C9)) -> 0.60239185 | F9: Selección no observada
A10: 2 | B10: =PERCENTILE('09_BASE_AUDITABLE'!$AA$2:$AA$4001,0.025) -> 0.46890807 | C10: =PERCENTILE('09_BASE_AUDITABLE'!$AA$2:$AA$4001,0.975) -> 0.50249399 | D10: =B10/(B10+A10*(1-B10)) -> 0.30625729 | E10: =A10*C10/(A10*C10+(1-C10)) -> 0.66887987 | F10: Selección no observada
A11: 3 | B11: =PERCENTILE('09_BASE_AUDITABLE'!$AA$2:$AA$4001,0.025) -> 0.46890807 | C11: =PERCENTILE('09_BASE_AUDITABLE'!$AA$2:$AA$4001,0.975) -> 0.50249399 | D11: =B11/(B11+A11*(1-B11)) -> 0.22738422 | E11: =A11*C11/(A11*C11+(1-C11)) -> 0.75186584 | F11: Selección no observada
A12: 4 | B12: =PERCENTILE('09_BASE_AUDITABLE'!$AA$2:$AA$4001,0.025) -> 0.46890807 | C12: =PERCENTILE('09_BASE_AUDITABLE'!$AA$2:$AA$4001,0.975) -> 0.50249399 | D12: =B12/(B12+A12*(1-B12)) -> 0.18081689 | E12: =A12*C12/(A12*C12+(1-C12)) -> 0.80159139 | F12: Selección no observada
A16: Curva Γ secundaria — participación municipal histórica de 2021 por sexo y edad | B16: Curva Γ secundaria — participación municipal histórica de 2021 por sexo y edad | C16: Curva Γ secundaria — participación municipal histórica de 2021 por sexo y edad | D16: Curva Γ secundaria — participación municipal histórica de 2021 por sexo y edad | E16: Curva Γ secundaria — participación municipal histórica de 2021 por sexo y edad | F16: Curva Γ secundaria — participación municipal histórica de 2021 por sexo y edad
A17: Γ | B17: P2,5 condicional | C17: P97,5 condicional | D17: Límite inferior | E17: Límite superior | F17: Lectura
A18: 1 | B18: =PERCENTILE('09_BASE_AUDITABLE'!$AE$2:$AE$4001,0.025) -> 0.46222293 | C18: =PERCENTILE('09_BASE_AUDITABLE'!$AE$2:$AE$4001,0.975) -> 0.49540912 | D18: =B18/(B18+A18*(1-B18)) -> 0.46222293 | E18: =A18*C18/(A18*C18+(1-C18)) -> 0.49540912 | F18: Incertidumbre condicional
A19: 1.1 | B19: =PERCENTILE('09_BASE_AUDITABLE'!$AE$2:$AE$4001,0.025) -> 0.46222293 | C19: =PERCENTILE('09_BASE_AUDITABLE'!$AE$2:$AE$4001,0.975) -> 0.49540912 | D19: =B19/(B19+A19*(1-B19)) -> 0.43863419 | E19: =A19*C19/(A19*C19+(1-C19)) -> 0.51922705 | F19: Selección no observada
A20: 1.25 | B20: =PERCENTILE('09_BASE_AUDITABLE'!$AE$2:$AE$4001,0.025) -> 0.46222293 | C20: =PERCENTILE('09_BASE_AUDITABLE'!$AE$2:$AE$4001,0.975) -> 0.49540912 | D20: =B20/(B20+A20*(1-B20)) -> 0.40744437 | E20: =A20*C20/(A20*C20+(1-C20)) -> 0.55101673 | F20: Selección no observada
A21: 1.5 | B21: =PERCENTILE('09_BASE_AUDITABLE'!$AE$2:$AE$4001,0.025) -> 0.46222293 | C21: =PERCENTILE('09_BASE_AUDITABLE'!$AE$2:$AE$4001,0.975) -> 0.49540912 | D21: =B21/(B21+A21*(1-B21)) -> 0.36427387 | E21: =A21*C21/(A21*C21+(1-C21)) -> 0.59558465 | F21: Selección no observada
A22: 2 | B22: =PERCENTILE('09_BASE_AUDITABLE'!$AE$2:$AE$4001,0.025) -> 0.46222293 | C22: =PERCENTILE('09_BASE_AUDITABLE'!$AE$2:$AE$4001,0.975) -> 0.49540912 | D22: =B22/(B22+A22*(1-B22)) -> 0.30057864 | E22: =A22*C22/(A22*C22+(1-C22)) -> 0.66257336 | F22: Selección no observada
A23: 3 | B23: =PERCENTILE('09_BASE_AUDITABLE'!$AE$2:$AE$4001,0.025) -> 0.46222293 | C23: =PERCENTILE('09_BASE_AUDITABLE'!$AE$2:$AE$4001,0.975) -> 0.49540912 | D23: =B23/(B23+A23*(1-B23)) -> 0.22269857 | E23: =A23*C23/(A23*C23+(1-C23)) -> 0.74654096 | F23: Selección no observada
A24: 4 | B24: =PERCENTILE('09_BASE_AUDITABLE'!$AE$2:$AE$4001,0.025) -> 0.46222293 | C24: =PERCENTILE('09_BASE_AUDITABLE'!$AE$2:$AE$4001,0.975) -> 0.49540912 | D24: =B24/(B24+A24*(1-B24)) -> 0.17687116 | E24: =A24*C24/(A24*C24+(1-C24)) -> 0.79704556 | F24: Selección no observada
A27: Sensibilidad al truncamiento de pesos | B27: Sensibilidad al truncamiento de pesos | C27: Sensibilidad al truncamiento de pesos | D27: Sensibilidad al truncamiento de pesos | E27: Sensibilidad al truncamiento de pesos | F27: Sensibilidad al truncamiento de pesos
A28: Pesos | B28: Pereira | C28: Δ vs P99 (pp) | D28: Lectura
A29: Sin truncar | B29: =SUMPRODUCT('09_BASE_AUDITABLE'!$B$2:$B$3666,'09_BASE_AUDITABLE'!$G$2:$G$3666)/SUM('09_BASE_AUDITABLE'!$G$2:$G$3666) -> 0.48881865 | C29: =(B29-$B$30)*100 -> 0.092953654 | D29: Estimación completa
A30: P99 | B30: =SUMPRODUCT('09_BASE_AUDITABLE'!$B$2:$B$3666,'09_BASE_AUDITABLE'!$H$2:$H$3666)/SUM('09_BASE_AUDITABLE'!$H$2:$H$3666) -> 0.48788911 | C30: =0 -> 0 | D30: Calibración observable principal
A31: P95 | B31: =SUMPRODUCT('09_BASE_AUDITABLE'!$B$2:$B$3666,'09_BASE_AUDITABLE'!$I$2:$I$3666)/SUM('09_BASE_AUDITABLE'!$I$2:$I$3666) -> 0.48836361 | C31: =(B31-$B$30)*100 -> 0.047449561 | D31: Estrés de truncamiento
A34: Sensibilidad del estimando | B34: Sensibilidad del estimando | C34: Sensibilidad del estimando | D34: Sensibilidad del estimando | E34: Sensibilidad del estimando | F34: Sensibilidad del estimando
A35: Estimando | B35: Pereira | C35: Remesowski | D35: Diferencia vs registrados
A36: Electorado registrado | B36: =AVERAGE('09_BASE_AUDITABLE'!$AA$2:$AA$4001) -> 0.48586581 | C36: =1-B36 -> 0.51413419 | D36: =0 -> 0
A37: Votantes probables | B37: =AVERAGE('09_BASE_AUDITABLE'!$AE$2:$AE$4001) -> 0.47895192 | C37: =1-B37 -> 0.52104808 | D37: =(B37-B36)*100 -> -0.69138856
A38: Lectura | B38: El cambio por participación queda visible
A41: La curva principal usa el electorado registrado y su intervalo P2,5–P97,5 (95%). El escenario de participación municipal histórica de 2021 por sexo y edad es secundario. Γ=1 reproduce el intervalo condicional; Γ>1 incorpora una razón hipotética de selección no observada. Es una sensibilidad, no una nueva encuesta ni un margen de error. | B41: La curva principal usa el electorado registrado y su intervalo P2,5–P97,5 (95%). El escenario de participación municipal histórica de 2021 por sexo y edad es secundario. Γ=1 reproduce el intervalo condicional; Γ>1 incorpora una razón hipotética de selección no observada. Es una sensibilidad, no una nueva encuesta ni un margen de error. | C41: La curva principal usa el electorado registrado y su intervalo P2,5–P97,5 (95%). El escenario de participación municipal histórica de 2021 por sexo y edad es secundario. Γ=1 reproduce el intervalo condicional; Γ>1 incorpora una razón hipotética de selección no observada. Es una sensibilidad, no una nueva encuesta ni un margen de error. | D41: La curva principal usa el electorado registrado y su intervalo P2,5–P97,5 (95%). El escenario de participación municipal histórica de 2021 por sexo y edad es secundario. Γ=1 reproduce el intervalo condicional; Γ>1 incorpora una razón hipotética de selección no observada. Es una sensibilidad, no una nueva encuesta ni un margen de error. | E41: La curva principal usa el electorado registrado y su intervalo P2,5–P97,5 (95%). El escenario de participación municipal histórica de 2021 por sexo y edad es secundario. Γ=1 reproduce el intervalo condicional; Γ>1 incorpora una razón hipotética de selección no observada. Es una sensibilidad, no una nueva encuesta ni un margen de error. | F41: La curva principal usa el electorado registrado y su intervalo P2,5–P97,5 (95%). El escenario de participación municipal histórica de 2021 por sexo y edad es secundario. Γ=1 reproduce el intervalo condicional; Γ>1 incorpora una razón hipotética de selección no observada. Es una sensibilidad, no una nueva encuesta ni un margen de error. | G41: La curva principal usa el electorado registrado y su intervalo P2,5–P97,5 (95%). El escenario de participación municipal histórica de 2021 por sexo y edad es secundario. Γ=1 reproduce el intervalo condicional; Γ>1 incorpora una razón hipotética de selección no observada. Es una sensibilidad, no una nueva encuesta ni un margen de error. | H41: La curva principal usa el electorado registrado y su intervalo P2,5–P97,5 (95%). El escenario de participación municipal histórica de 2021 por sexo y edad es secundario. Γ=1 reproduce el intervalo condicional; Γ>1 incorpora una razón hipotética de selección no observada. Es una sensibilidad, no una nueva encuesta ni un margen de error. | I41: La curva principal usa el electorado registrado y su intervalo P2,5–P97,5 (95%). El escenario de participación municipal histórica de 2021 por sexo y edad es secundario. Γ=1 reproduce el intervalo condicional; Γ>1 incorpora una razón hipotética de selección no observada. Es una sensibilidad, no una nueva encuesta ni un margen de error. | J41: La curva principal usa el electorado registrado y su intervalo P2,5–P97,5 (95%). El escenario de participación municipal histórica de 2021 por sexo y edad es secundario. Γ=1 reproduce el intervalo condicional; Γ>1 incorpora una razón hipotética de selección no observada. Es una sensibilidad, no una nueva encuesta ni un margen de error. | K41: La curva principal usa el electorado registrado y su intervalo P2,5–P97,5 (95%). El escenario de participación municipal histórica de 2021 por sexo y edad es secundario. Γ=1 reproduce el intervalo condicional; Γ>1 incorpora una razón hipotética de selección no observada. Es una sensibilidad, no una nueva encuesta ni un margen de error. | L41: La curva principal usa el electorado registrado y su intervalo P2,5–P97,5 (95%). El escenario de participación municipal histórica de 2021 por sexo y edad es secundario. Γ=1 reproduce el intervalo condicional; Γ>1 incorpora una razón hipotética de selección no observada. Es una sensibilidad, no una nueva encuesta ni un margen de error.
A42: La curva principal usa el electorado registrado y su intervalo P2,5–P97,5 (95%). El escenario de participación municipal histórica de 2021 por sexo y edad es secundario. Γ=1 reproduce el intervalo condicional; Γ>1 incorpora una razón hipotética de selección no observada. Es una sensibilidad, no una nueva encuesta ni un margen de error. | B42: La curva principal usa el electorado registrado y su intervalo P2,5–P97,5 (95%). El escenario de participación municipal histórica de 2021 por sexo y edad es secundario. Γ=1 reproduce el intervalo condicional; Γ>1 incorpora una razón hipotética de selección no observada. Es una sensibilidad, no una nueva encuesta ni un margen de error. | C42: La curva principal usa el electorado registrado y su intervalo P2,5–P97,5 (95%). El escenario de participación municipal histórica de 2021 por sexo y edad es secundario. Γ=1 reproduce el intervalo condicional; Γ>1 incorpora una razón hipotética de selección no observada. Es una sensibilidad, no una nueva encuesta ni un margen de error. | D42: La curva principal usa el electorado registrado y su intervalo P2,5–P97,5 (95%). El escenario de participación municipal histórica de 2021 por sexo y edad es secundario. Γ=1 reproduce el intervalo condicional; Γ>1 incorpora una razón hipotética de selección no observada. Es una sensibilidad, no una nueva encuesta ni un margen de error. | E42: La curva principal usa el electorado registrado y su intervalo P2,5–P97,5 (95%). El escenario de participación municipal histórica de 2021 por sexo y edad es secundario. Γ=1 reproduce el intervalo condicional; Γ>1 incorpora una razón hipotética de selección no observada. Es una sensibilidad, no una nueva encuesta ni un margen de error. | F42: La curva principal usa el electorado registrado y su intervalo P2,5–P97,5 (95%). El escenario de participación municipal histórica de 2021 por sexo y edad es secundario. Γ=1 reproduce el intervalo condicional; Γ>1 incorpora una razón hipotética de selección no observada. Es una sensibilidad, no una nueva encuesta ni un margen de error. | G42: La curva principal usa el electorado registrado y su intervalo P2,5–P97,5 (95%). El escenario de participación municipal histórica de 2021 por sexo y edad es secundario. Γ=1 reproduce el intervalo condicional; Γ>1 incorpora una razón hipotética de selección no observada. Es una sensibilidad, no una nueva encuesta ni un margen de error. | H42: La curva principal usa el electorado registrado y su intervalo P2,5–P97,5 (95%). El escenario de participación municipal histórica de 2021 por sexo y edad es secundario. Γ=1 reproduce el intervalo condicional; Γ>1 incorpora una razón hipotética de selección no observada. Es una sensibilidad, no una nueva encuesta ni un margen de error. | I42: La curva principal usa el electorado registrado y su intervalo P2,5–P97,5 (95%). El escenario de participación municipal histórica de 2021 por sexo y edad es secundario. Γ=1 reproduce el intervalo condicional; Γ>1 incorpora una razón hipotética de selección no observada. Es una sensibilidad, no una nueva encuesta ni un margen de error. | J42: La curva principal usa el electorado registrado y su intervalo P2,5–P97,5 (95%). El escenario de participación municipal histórica de 2021 por sexo y edad es secundario. Γ=1 reproduce el intervalo condicional; Γ>1 incorpora una razón hipotética de selección no observada. Es una sensibilidad, no una nueva encuesta ni un margen de error. | K42: La curva principal usa el electorado registrado y su intervalo P2,5–P97,5 (95%). El escenario de participación municipal histórica de 2021 por sexo y edad es secundario. Γ=1 reproduce el intervalo condicional; Γ>1 incorpora una razón hipotética de selección no observada. Es una sensibilidad, no una nueva encuesta ni un margen de error. | L42: La curva principal usa el electorado registrado y su intervalo P2,5–P97,5 (95%). El escenario de participación municipal histórica de 2021 por sexo y edad es secundario. Γ=1 reproduce el intervalo condicional; Γ>1 incorpora una razón hipotética de selección no observada. Es una sensibilidad, no una nueva encuesta ni un margen de error.
A43: La curva principal usa el electorado registrado y su intervalo P2,5–P97,5 (95%). El escenario de participación municipal histórica de 2021 por sexo y edad es secundario. Γ=1 reproduce el intervalo condicional; Γ>1 incorpora una razón hipotética de selección no observada. Es una sensibilidad, no una nueva encuesta ni un margen de error. | B43: La curva principal usa el electorado registrado y su intervalo P2,5–P97,5 (95%). El escenario de participación municipal histórica de 2021 por sexo y edad es secundario. Γ=1 reproduce el intervalo condicional; Γ>1 incorpora una razón hipotética de selección no observada. Es una sensibilidad, no una nueva encuesta ni un margen de error. | C43: La curva principal usa el electorado registrado y su intervalo P2,5–P97,5 (95%). El escenario de participación municipal histórica de 2021 por sexo y edad es secundario. Γ=1 reproduce el intervalo condicional; Γ>1 incorpora una razón hipotética de selección no observada. Es una sensibilidad, no una nueva encuesta ni un margen de error. | D43: La curva principal usa el electorado registrado y su intervalo P2,5–P97,5 (95%). El escenario de participación municipal histórica de 2021 por sexo y edad es secundario. Γ=1 reproduce el intervalo condicional; Γ>1 incorpora una razón hipotética de selección no observada. Es una sensibilidad, no una nueva encuesta ni un margen de error. | E43: La curva principal usa el electorado registrado y su intervalo P2,5–P97,5 (95%). El escenario de participación municipal histórica de 2021 por sexo y edad es secundario. Γ=1 reproduce el intervalo condicional; Γ>1 incorpora una razón hipotética de selección no observada. Es una sensibilidad, no una nueva encuesta ni un margen de error. | F43: La curva principal usa el electorado registrado y su intervalo P2,5–P97,5 (95%). El escenario de participación municipal histórica de 2021 por sexo y edad es secundario. Γ=1 reproduce el intervalo condicional; Γ>1 incorpora una razón hipotética de selección no observada. Es una sensibilidad, no una nueva encuesta ni un margen de error. | G43: La curva principal usa el electorado registrado y su intervalo P2,5–P97,5 (95%). El escenario de participación municipal histórica de 2021 por sexo y edad es secundario. Γ=1 reproduce el intervalo condicional; Γ>1 incorpora una razón hipotética de selección no observada. Es una sensibilidad, no una nueva encuesta ni un margen de error. | H43: La curva principal usa el electorado registrado y su intervalo P2,5–P97,5 (95%). El escenario de participación municipal histórica de 2021 por sexo y edad es secundario. Γ=1 reproduce el intervalo condicional; Γ>1 incorpora una razón hipotética de selección no observada. Es una sensibilidad, no una nueva encuesta ni un margen de error. | I43: La curva principal usa el electorado registrado y su intervalo P2,5–P97,5 (95%). El escenario de participación municipal histórica de 2021 por sexo y edad es secundario. Γ=1 reproduce el intervalo condicional; Γ>1 incorpora una razón hipotética de selección no observada. Es una sensibilidad, no una nueva encuesta ni un margen de error. | J43: La curva principal usa el electorado registrado y su intervalo P2,5–P97,5 (95%). El escenario de participación municipal histórica de 2021 por sexo y edad es secundario. Γ=1 reproduce el intervalo condicional; Γ>1 incorpora una razón hipotética de selección no observada. Es una sensibilidad, no una nueva encuesta ni un margen de error. | K43: La curva principal usa el electorado registrado y su intervalo P2,5–P97,5 (95%). El escenario de participación municipal histórica de 2021 por sexo y edad es secundario. Γ=1 reproduce el intervalo condicional; Γ>1 incorpora una razón hipotética de selección no observada. Es una sensibilidad, no una nueva encuesta ni un margen de error. | L43: La curva principal usa el electorado registrado y su intervalo P2,5–P97,5 (95%). El escenario de participación municipal histórica de 2021 por sexo y edad es secundario. Γ=1 reproduce el intervalo condicional; Γ>1 incorpora una razón hipotética de selección no observada. Es una sensibilidad, no una nueva encuesta ni un margen de error.
A44: La curva principal usa el electorado registrado y su intervalo P2,5–P97,5 (95%). El escenario de participación municipal histórica de 2021 por sexo y edad es secundario. Γ=1 reproduce el intervalo condicional; Γ>1 incorpora una razón hipotética de selección no observada. Es una sensibilidad, no una nueva encuesta ni un margen de error. | B44: La curva principal usa el electorado registrado y su intervalo P2,5–P97,5 (95%). El escenario de participación municipal histórica de 2021 por sexo y edad es secundario. Γ=1 reproduce el intervalo condicional; Γ>1 incorpora una razón hipotética de selección no observada. Es una sensibilidad, no una nueva encuesta ni un margen de error. | C44: La curva principal usa el electorado registrado y su intervalo P2,5–P97,5 (95%). El escenario de participación municipal histórica de 2021 por sexo y edad es secundario. Γ=1 reproduce el intervalo condicional; Γ>1 incorpora una razón hipotética de selección no observada. Es una sensibilidad, no una nueva encuesta ni un margen de error. | D44: La curva principal usa el electorado registrado y su intervalo P2,5–P97,5 (95%). El escenario de participación municipal histórica de 2021 por sexo y edad es secundario. Γ=1 reproduce el intervalo condicional; Γ>1 incorpora una razón hipotética de selección no observada. Es una sensibilidad, no una nueva encuesta ni un margen de error. | E44: La curva principal usa el electorado registrado y su intervalo P2,5–P97,5 (95%). El escenario de participación municipal histórica de 2021 por sexo y edad es secundario. Γ=1 reproduce el intervalo condicional; Γ>1 incorpora una razón hipotética de selección no observada. Es una sensibilidad, no una nueva encuesta ni un margen de error. | F44: La curva principal usa el electorado registrado y su intervalo P2,5–P97,5 (95%). El escenario de participación municipal histórica de 2021 por sexo y edad es secundario. Γ=1 reproduce el intervalo condicional; Γ>1 incorpora una razón hipotética de selección no observada. Es una sensibilidad, no una nueva encuesta ni un margen de error. | G44: La curva principal usa el electorado registrado y su intervalo P2,5–P97,5 (95%). El escenario de participación municipal histórica de 2021 por sexo y edad es secundario. Γ=1 reproduce el intervalo condicional; Γ>1 incorpora una razón hipotética de selección no observada. Es una sensibilidad, no una nueva encuesta ni un margen de error. | H44: La curva principal usa el electorado registrado y su intervalo P2,5–P97,5 (95%). El escenario de participación municipal histórica de 2021 por sexo y edad es secundario. Γ=1 reproduce el intervalo condicional; Γ>1 incorpora una razón hipotética de selección no observada. Es una sensibilidad, no una nueva encuesta ni un margen de error. | I44: La curva principal usa el electorado registrado y su intervalo P2,5–P97,5 (95%). El escenario de participación municipal histórica de 2021 por sexo y edad es secundario. Γ=1 reproduce el intervalo condicional; Γ>1 incorpora una razón hipotética de selección no observada. Es una sensibilidad, no una nueva encuesta ni un margen de error. | J44: La curva principal usa el electorado registrado y su intervalo P2,5–P97,5 (95%). El escenario de participación municipal histórica de 2021 por sexo y edad es secundario. Γ=1 reproduce el intervalo condicional; Γ>1 incorpora una razón hipotética de selección no observada. Es una sensibilidad, no una nueva encuesta ni un margen de error. | K44: La curva principal usa el electorado registrado y su intervalo P2,5–P97,5 (95%). El escenario de participación municipal histórica de 2021 por sexo y edad es secundario. Γ=1 reproduce el intervalo condicional; Γ>1 incorpora una razón hipotética de selección no observada. Es una sensibilidad, no una nueva encuesta ni un margen de error. | L44: La curva principal usa el electorado registrado y su intervalo P2,5–P97,5 (95%). El escenario de participación municipal histórica de 2021 por sexo y edad es secundario. Γ=1 reproduce el intervalo condicional; Γ>1 incorpora una razón hipotética de selección no observada. Es una sensibilidad, no una nueva encuesta ni un margen de error.
A45: La curva principal usa el electorado registrado y su intervalo P2,5–P97,5 (95%). El escenario de participación municipal histórica de 2021 por sexo y edad es secundario. Γ=1 reproduce el intervalo condicional; Γ>1 incorpora una razón hipotética de selección no observada. Es una sensibilidad, no una nueva encuesta ni un margen de error. | B45: La curva principal usa el electorado registrado y su intervalo P2,5–P97,5 (95%). El escenario de participación municipal histórica de 2021 por sexo y edad es secundario. Γ=1 reproduce el intervalo condicional; Γ>1 incorpora una razón hipotética de selección no observada. Es una sensibilidad, no una nueva encuesta ni un margen de error. | C45: La curva principal usa el electorado registrado y su intervalo P2,5–P97,5 (95%). El escenario de participación municipal histórica de 2021 por sexo y edad es secundario. Γ=1 reproduce el intervalo condicional; Γ>1 incorpora una razón hipotética de selección no observada. Es una sensibilidad, no una nueva encuesta ni un margen de error. | D45: La curva principal usa el electorado registrado y su intervalo P2,5–P97,5 (95%). El escenario de participación municipal histórica de 2021 por sexo y edad es secundario. Γ=1 reproduce el intervalo condicional; Γ>1 incorpora una razón hipotética de selección no observada. Es una sensibilidad, no una nueva encuesta ni un margen de error. | E45: La curva principal usa el electorado registrado y su intervalo P2,5–P97,5 (95%). El escenario de participación municipal histórica de 2021 por sexo y edad es secundario. Γ=1 reproduce el intervalo condicional; Γ>1 incorpora una razón hipotética de selección no observada. Es una sensibilidad, no una nueva encuesta ni un margen de error. | F45: La curva principal usa el electorado registrado y su intervalo P2,5–P97,5 (95%). El escenario de participación municipal histórica de 2021 por sexo y edad es secundario. Γ=1 reproduce el intervalo condicional; Γ>1 incorpora una razón hipotética de selección no observada. Es una sensibilidad, no una nueva encuesta ni un margen de error. | G45: La curva principal usa el electorado registrado y su intervalo P2,5–P97,5 (95%). El escenario de participación municipal histórica de 2021 por sexo y edad es secundario. Γ=1 reproduce el intervalo condicional; Γ>1 incorpora una razón hipotética de selección no observada. Es una sensibilidad, no una nueva encuesta ni un margen de error. | H45: La curva principal usa el electorado registrado y su intervalo P2,5–P97,5 (95%). El escenario de participación municipal histórica de 2021 por sexo y edad es secundario. Γ=1 reproduce el intervalo condicional; Γ>1 incorpora una razón hipotética de selección no observada. Es una sensibilidad, no una nueva encuesta ni un margen de error. | I45: La curva principal usa el electorado registrado y su intervalo P2,5–P97,5 (95%). El escenario de participación municipal histórica de 2021 por sexo y edad es secundario. Γ=1 reproduce el intervalo condicional; Γ>1 incorpora una razón hipotética de selección no observada. Es una sensibilidad, no una nueva encuesta ni un margen de error. | J45: La curva principal usa el electorado registrado y su intervalo P2,5–P97,5 (95%). El escenario de participación municipal histórica de 2021 por sexo y edad es secundario. Γ=1 reproduce el intervalo condicional; Γ>1 incorpora una razón hipotética de selección no observada. Es una sensibilidad, no una nueva encuesta ni un margen de error. | K45: La curva principal usa el electorado registrado y su intervalo P2,5–P97,5 (95%). El escenario de participación municipal histórica de 2021 por sexo y edad es secundario. Γ=1 reproduce el intervalo condicional; Γ>1 incorpora una razón hipotética de selección no observada. Es una sensibilidad, no una nueva encuesta ni un margen de error. | L45: La curva principal usa el electorado registrado y su intervalo P2,5–P97,5 (95%). El escenario de participación municipal histórica de 2021 por sexo y edad es secundario. Γ=1 reproduce el intervalo condicional; Γ>1 incorpora una razón hipotética de selección no observada. Es una sensibilidad, no una nueva encuesta ni un margen de error.

Sheet 08_METODO_Y_TRAZA
A1: Método y trazabilidad | B1: Método y trazabilidad | C1: Método y trazabilidad | D1: Método y trazabilidad | E1: Método y trazabilidad | F1: Método y trazabilidad | G1: Método y trazabilidad | H1: Método y trazabilidad | I1: Método y trazabilidad | J1: Método y trazabilidad
A2: Definición del modelo, rol del prior histórico, límites de interpretación y hashes de las entradas reproducibles. | B2: Definición del modelo, rol del prior histórico, límites de interpretación y hashes de las entradas reproducibles. | C2: Definición del modelo, rol del prior histórico, límites de interpretación y hashes de las entradas reproducibles. | D2: Definición del modelo, rol del prior histórico, límites de interpretación y hashes de las entradas reproducibles. | E2: Definición del modelo, rol del prior histórico, límites de interpretación y hashes de las entradas reproducibles. | F2: Definición del modelo, rol del prior histórico, límites de interpretación y hashes de las entradas reproducibles. | G2: Definición del modelo, rol del prior histórico, límites de interpretación y hashes de las entradas reproducibles. | H2: Definición del modelo, rol del prior histórico, límites de interpretación y hashes de las entradas reproducibles. | I2: Definición del modelo, rol del prior histórico, límites de interpretación y hashes de las entradas reproducibles. | J2: Definición del modelo, rol del prior histórico, límites de interpretación y hashes de las entradas reproducibles.
A4: Especificaciones | B4: Especificaciones | C4: Especificaciones | D4: Especificaciones | E4: Especificaciones | F4: Especificaciones | G4: Especificaciones | H4: Especificaciones | I4: Especificaciones | J4: Especificaciones
A5: Modelo | B5: Estructura | C5: Finalidad
A6: M1 | B6: Sexo + edad + local | C6: Regularización con escalas territoriales fijadas
A7: M2 | B7: M1 + sexo×edad | C7: Heterogeneidad sociodemográfica
A8: M3 primario | B8: M2 + efectos de mesa dentro de local; NUTS | C8: Inferencia posterior principal
A9: M4 robustez | B9: Estructura M3 + pseudo-verosimilitud calibrada P99 | C9: Robustez por selección observable
A10: Postestratificación | B10: Padrón 89.097 y participación municipal histórica de 2021 por sexo y edad | C10: Registrados como principal; escenario histórico como secundario
A11: Vínculo | B11: Mezcla marginal de celdas | C11: Propaga incertidumbre de enlace
A14: Rol del prior histórico | B14: Rol del prior histórico | C14: Rol del prior histórico | D14: Rol del prior histórico | E14: Rol del prior histórico | F14: Rol del prior histórico | G14: Rol del prior histórico | H14: Rol del prior histórico | I14: Rol del prior histórico | J14: Rol del prior histórico
A15: El prior histórico regulariza coeficientes y efectos territoriales; no agrega respuestas de olas digitales anteriores. La participación municipal histórica de 2021 por sexo y edad se usa sólo para construir el escenario secundario de votantes probables: no modifica el resultado principal entre registrados ni estima propensión individual a votar. El modelo es una regresión logística bayesiana regularizada con efectos de sexo, edad, local y mesa, seguida de postestratificación; escalas territoriales/mesa fijadas, no hiperparámetros aprendidos. | B15: El prior histórico regulariza coeficientes y efectos territoriales; no agrega respuestas de olas digitales anteriores. La participación municipal histórica de 2021 por sexo y edad se usa sólo para construir el escenario secundario de votantes probables: no modifica el resultado principal entre registrados ni estima propensión individual a votar. El modelo es una regresión logística bayesiana regularizada con efectos de sexo, edad, local y mesa, seguida de postestratificación; escalas territoriales/mesa fijadas, no hiperparámetros aprendidos. | C15: El prior histórico regulariza coeficientes y efectos territoriales; no agrega respuestas de olas digitales anteriores. La participación municipal histórica de 2021 por sexo y edad se usa sólo para construir el escenario secundario de votantes probables: no modifica el resultado principal entre registrados ni estima propensión individual a votar. El modelo es una regresión logística bayesiana regularizada con efectos de sexo, edad, local y mesa, seguida de postestratificación; escalas territoriales/mesa fijadas, no hiperparámetros aprendidos. | D15: El prior histórico regulariza coeficientes y efectos territoriales; no agrega respuestas de olas digitales anteriores. La participación municipal histórica de 2021 por sexo y edad se usa sólo para construir el escenario secundario de votantes probables: no modifica el resultado principal entre registrados ni estima propensión individual a votar. El modelo es una regresión logística bayesiana regularizada con efectos de sexo, edad, local y mesa, seguida de postestratificación; escalas territoriales/mesa fijadas, no hiperparámetros aprendidos. | E15: El prior histórico regulariza coeficientes y efectos territoriales; no agrega respuestas de olas digitales anteriores. La participación municipal histórica de 2021 por sexo y edad se usa sólo para construir el escenario secundario de votantes probables: no modifica el resultado principal entre registrados ni estima propensión individual a votar. El modelo es una regresión logística bayesiana regularizada con efectos de sexo, edad, local y mesa, seguida de postestratificación; escalas territoriales/mesa fijadas, no hiperparámetros aprendidos. | F15: El prior histórico regulariza coeficientes y efectos territoriales; no agrega respuestas de olas digitales anteriores. La participación municipal histórica de 2021 por sexo y edad se usa sólo para construir el escenario secundario de votantes probables: no modifica el resultado principal entre registrados ni estima propensión individual a votar. El modelo es una regresión logística bayesiana regularizada con efectos de sexo, edad, local y mesa, seguida de postestratificación; escalas territoriales/mesa fijadas, no hiperparámetros aprendidos. | G15: El prior histórico regulariza coeficientes y efectos territoriales; no agrega respuestas de olas digitales anteriores. La participación municipal histórica de 2021 por sexo y edad se usa sólo para construir el escenario secundario de votantes probables: no modifica el resultado principal entre registrados ni estima propensión individual a votar. El modelo es una regresión logística bayesiana regularizada con efectos de sexo, edad, local y mesa, seguida de postestratificación; escalas territoriales/mesa fijadas, no hiperparámetros aprendidos. | H15: El prior histórico regulariza coeficientes y efectos territoriales; no agrega respuestas de olas digitales anteriores. La participación municipal histórica de 2021 por sexo y edad se usa sólo para construir el escenario secundario de votantes probables: no modifica el resultado principal entre registrados ni estima propensión individual a votar. El modelo es una regresión logística bayesiana regularizada con efectos de sexo, edad, local y mesa, seguida de postestratificación; escalas territoriales/mesa fijadas, no hiperparámetros aprendidos. | I15: El prior histórico regulariza coeficientes y efectos territoriales; no agrega respuestas de olas digitales anteriores. La participación municipal histórica de 2021 por sexo y edad se usa sólo para construir el escenario secundario de votantes probables: no modifica el resultado principal entre registrados ni estima propensión individual a votar. El modelo es una regresión logística bayesiana regularizada con efectos de sexo, edad, local y mesa, seguida de postestratificación; escalas territoriales/mesa fijadas, no hiperparámetros aprendidos. | J15: El prior histórico regulariza coeficientes y efectos territoriales; no agrega respuestas de olas digitales anteriores. La participación municipal histórica de 2021 por sexo y edad se usa sólo para construir el escenario secundario de votantes probables: no modifica el resultado principal entre registrados ni estima propensión individual a votar. El modelo es una regresión logística bayesiana regularizada con efectos de sexo, edad, local y mesa, seguida de postestratificación; escalas territoriales/mesa fijadas, no hiperparámetros aprendidos.
A16: El prior histórico regulariza coeficientes y efectos territoriales; no agrega respuestas de olas digitales anteriores. La participación municipal histórica de 2021 por sexo y edad se usa sólo para construir el escenario secundario de votantes probables: no modifica el resultado principal entre registrados ni estima propensión individual a votar. El modelo es una regresión logística bayesiana regularizada con efectos de sexo, edad, local y mesa, seguida de postestratificación; escalas territoriales/mesa fijadas, no hiperparámetros aprendidos. | B16: El prior histórico regulariza coeficientes y efectos territoriales; no agrega respuestas de olas digitales anteriores. La participación municipal histórica de 2021 por sexo y edad se usa sólo para construir el escenario secundario de votantes probables: no modifica el resultado principal entre registrados ni estima propensión individual a votar. El modelo es una regresión logística bayesiana regularizada con efectos de sexo, edad, local y mesa, seguida de postestratificación; escalas territoriales/mesa fijadas, no hiperparámetros aprendidos. | C16: El prior histórico regulariza coeficientes y efectos territoriales; no agrega respuestas de olas digitales anteriores. La participación municipal histórica de 2021 por sexo y edad se usa sólo para construir el escenario secundario de votantes probables: no modifica el resultado principal entre registrados ni estima propensión individual a votar. El modelo es una regresión logística bayesiana regularizada con efectos de sexo, edad, local y mesa, seguida de postestratificación; escalas territoriales/mesa fijadas, no hiperparámetros aprendidos. | D16: El prior histórico regulariza coeficientes y efectos territoriales; no agrega respuestas de olas digitales anteriores. La participación municipal histórica de 2021 por sexo y edad se usa sólo para construir el escenario secundario de votantes probables: no modifica el resultado principal entre registrados ni estima propensión individual a votar. El modelo es una regresión logística bayesiana regularizada con efectos de sexo, edad, local y mesa, seguida de postestratificación; escalas territoriales/mesa fijadas, no hiperparámetros aprendidos. | E16: El prior histórico regulariza coeficientes y efectos territoriales; no agrega respuestas de olas digitales anteriores. La participación municipal histórica de 2021 por sexo y edad se usa sólo para construir el escenario secundario de votantes probables: no modifica el resultado principal entre registrados ni estima propensión individual a votar. El modelo es una regresión logística bayesiana regularizada con efectos de sexo, edad, local y mesa, seguida de postestratificación; escalas territoriales/mesa fijadas, no hiperparámetros aprendidos. | F16: El prior histórico regulariza coeficientes y efectos territoriales; no agrega respuestas de olas digitales anteriores. La participación municipal histórica de 2021 por sexo y edad se usa sólo para construir el escenario secundario de votantes probables: no modifica el resultado principal entre registrados ni estima propensión individual a votar. El modelo es una regresión logística bayesiana regularizada con efectos de sexo, edad, local y mesa, seguida de postestratificación; escalas territoriales/mesa fijadas, no hiperparámetros aprendidos. | G16: El prior histórico regulariza coeficientes y efectos territoriales; no agrega respuestas de olas digitales anteriores. La participación municipal histórica de 2021 por sexo y edad se usa sólo para construir el escenario secundario de votantes probables: no modifica el resultado principal entre registrados ni estima propensión individual a votar. El modelo es una regresión logística bayesiana regularizada con efectos de sexo, edad, local y mesa, seguida de postestratificación; escalas territoriales/mesa fijadas, no hiperparámetros aprendidos. | H16: El prior histórico regulariza coeficientes y efectos territoriales; no agrega respuestas de olas digitales anteriores. La participación municipal histórica de 2021 por sexo y edad se usa sólo para construir el escenario secundario de votantes probables: no modifica el resultado principal entre registrados ni estima propensión individual a votar. El modelo es una regresión logística bayesiana regularizada con efectos de sexo, edad, local y mesa, seguida de postestratificación; escalas territoriales/mesa fijadas, no hiperparámetros aprendidos. | I16: El prior histórico regulariza coeficientes y efectos territoriales; no agrega respuestas de olas digitales anteriores. La participación municipal histórica de 2021 por sexo y edad se usa sólo para construir el escenario secundario de votantes probables: no modifica el resultado principal entre registrados ni estima propensión individual a votar. El modelo es una regresión logística bayesiana regularizada con efectos de sexo, edad, local y mesa, seguida de postestratificación; escalas territoriales/mesa fijadas, no hiperparámetros aprendidos. | J16: El prior histórico regulariza coeficientes y efectos territoriales; no agrega respuestas de olas digitales anteriores. La participación municipal histórica de 2021 por sexo y edad se usa sólo para construir el escenario secundario de votantes probables: no modifica el resultado principal entre registrados ni estima propensión individual a votar. El modelo es una regresión logística bayesiana regularizada con efectos de sexo, edad, local y mesa, seguida de postestratificación; escalas territoriales/mesa fijadas, no hiperparámetros aprendidos.
A17: El prior histórico regulariza coeficientes y efectos territoriales; no agrega respuestas de olas digitales anteriores. La participación municipal histórica de 2021 por sexo y edad se usa sólo para construir el escenario secundario de votantes probables: no modifica el resultado principal entre registrados ni estima propensión individual a votar. El modelo es una regresión logística bayesiana regularizada con efectos de sexo, edad, local y mesa, seguida de postestratificación; escalas territoriales/mesa fijadas, no hiperparámetros aprendidos. | B17: El prior histórico regulariza coeficientes y efectos territoriales; no agrega respuestas de olas digitales anteriores. La participación municipal histórica de 2021 por sexo y edad se usa sólo para construir el escenario secundario de votantes probables: no modifica el resultado principal entre registrados ni estima propensión individual a votar. El modelo es una regresión logística bayesiana regularizada con efectos de sexo, edad, local y mesa, seguida de postestratificación; escalas territoriales/mesa fijadas, no hiperparámetros aprendidos. | C17: El prior histórico regulariza coeficientes y efectos territoriales; no agrega respuestas de olas digitales anteriores. La participación municipal histórica de 2021 por sexo y edad se usa sólo para construir el escenario secundario de votantes probables: no modifica el resultado principal entre registrados ni estima propensión individual a votar. El modelo es una regresión logística bayesiana regularizada con efectos de sexo, edad, local y mesa, seguida de postestratificación; escalas territoriales/mesa fijadas, no hiperparámetros aprendidos. | D17: El prior histórico regulariza coeficientes y efectos territoriales; no agrega respuestas de olas digitales anteriores. La participación municipal histórica de 2021 por sexo y edad se usa sólo para construir el escenario secundario de votantes probables: no modifica el resultado principal entre registrados ni estima propensión individual a votar. El modelo es una regresión logística bayesiana regularizada con efectos de sexo, edad, local y mesa, seguida de postestratificación; escalas territoriales/mesa fijadas, no hiperparámetros aprendidos. | E17: El prior histórico regulariza coeficientes y efectos territoriales; no agrega respuestas de olas digitales anteriores. La participación municipal histórica de 2021 por sexo y edad se usa sólo para construir el escenario secundario de votantes probables: no modifica el resultado principal entre registrados ni estima propensión individual a votar. El modelo es una regresión logística bayesiana regularizada con efectos de sexo, edad, local y mesa, seguida de postestratificación; escalas territoriales/mesa fijadas, no hiperparámetros aprendidos. | F17: El prior histórico regulariza coeficientes y efectos territoriales; no agrega respuestas de olas digitales anteriores. La participación municipal histórica de 2021 por sexo y edad se usa sólo para construir el escenario secundario de votantes probables: no modifica el resultado principal entre registrados ni estima propensión individual a votar. El modelo es una regresión logística bayesiana regularizada con efectos de sexo, edad, local y mesa, seguida de postestratificación; escalas territoriales/mesa fijadas, no hiperparámetros aprendidos. | G17: El prior histórico regulariza coeficientes y efectos territoriales; no agrega respuestas de olas digitales anteriores. La participación municipal histórica de 2021 por sexo y edad se usa sólo para construir el escenario secundario de votantes probables: no modifica el resultado principal entre registrados ni estima propensión individual a votar. El modelo es una regresión logística bayesiana regularizada con efectos de sexo, edad, local y mesa, seguida de postestratificación; escalas territoriales/mesa fijadas, no hiperparámetros aprendidos. | H17: El prior histórico regulariza coeficientes y efectos territoriales; no agrega respuestas de olas digitales anteriores. La participación municipal histórica de 2021 por sexo y edad se usa sólo para construir el escenario secundario de votantes probables: no modifica el resultado principal entre registrados ni estima propensión individual a votar. El modelo es una regresión logística bayesiana regularizada con efectos de sexo, edad, local y mesa, seguida de postestratificación; escalas territoriales/mesa fijadas, no hiperparámetros aprendidos. | I17: El prior histórico regulariza coeficientes y efectos territoriales; no agrega respuestas de olas digitales anteriores. La participación municipal histórica de 2021 por sexo y edad se usa sólo para construir el escenario secundario de votantes probables: no modifica el resultado principal entre registrados ni estima propensión individual a votar. El modelo es una regresión logística bayesiana regularizada con efectos de sexo, edad, local y mesa, seguida de postestratificación; escalas territoriales/mesa fijadas, no hiperparámetros aprendidos. | J17: El prior histórico regulariza coeficientes y efectos territoriales; no agrega respuestas de olas digitales anteriores. La participación municipal histórica de 2021 por sexo y edad se usa sólo para construir el escenario secundario de votantes probables: no modifica el resultado principal entre registrados ni estima propensión individual a votar. El modelo es una regresión logística bayesiana regularizada con efectos de sexo, edad, local y mesa, seguida de postestratificación; escalas territoriales/mesa fijadas, no hiperparámetros aprendidos.
A18: El prior histórico regulariza coeficientes y efectos territoriales; no agrega respuestas de olas digitales anteriores. La participación municipal histórica de 2021 por sexo y edad se usa sólo para construir el escenario secundario de votantes probables: no modifica el resultado principal entre registrados ni estima propensión individual a votar. El modelo es una regresión logística bayesiana regularizada con efectos de sexo, edad, local y mesa, seguida de postestratificación; escalas territoriales/mesa fijadas, no hiperparámetros aprendidos. | B18: El prior histórico regulariza coeficientes y efectos territoriales; no agrega respuestas de olas digitales anteriores. La participación municipal histórica de 2021 por sexo y edad se usa sólo para construir el escenario secundario de votantes probables: no modifica el resultado principal entre registrados ni estima propensión individual a votar. El modelo es una regresión logística bayesiana regularizada con efectos de sexo, edad, local y mesa, seguida de postestratificación; escalas territoriales/mesa fijadas, no hiperparámetros aprendidos. | C18: El prior histórico regulariza coeficientes y efectos territoriales; no agrega respuestas de olas digitales anteriores. La participación municipal histórica de 2021 por sexo y edad se usa sólo para construir el escenario secundario de votantes probables: no modifica el resultado principal entre registrados ni estima propensión individual a votar. El modelo es una regresión logística bayesiana regularizada con efectos de sexo, edad, local y mesa, seguida de postestratificación; escalas territoriales/mesa fijadas, no hiperparámetros aprendidos. | D18: El prior histórico regulariza coeficientes y efectos territoriales; no agrega respuestas de olas digitales anteriores. La participación municipal histórica de 2021 por sexo y edad se usa sólo para construir el escenario secundario de votantes probables: no modifica el resultado principal entre registrados ni estima propensión individual a votar. El modelo es una regresión logística bayesiana regularizada con efectos de sexo, edad, local y mesa, seguida de postestratificación; escalas territoriales/mesa fijadas, no hiperparámetros aprendidos. | E18: El prior histórico regulariza coeficientes y efectos territoriales; no agrega respuestas de olas digitales anteriores. La participación municipal histórica de 2021 por sexo y edad se usa sólo para construir el escenario secundario de votantes probables: no modifica el resultado principal entre registrados ni estima propensión individual a votar. El modelo es una regresión logística bayesiana regularizada con efectos de sexo, edad, local y mesa, seguida de postestratificación; escalas territoriales/mesa fijadas, no hiperparámetros aprendidos. | F18: El prior histórico regulariza coeficientes y efectos territoriales; no agrega respuestas de olas digitales anteriores. La participación municipal histórica de 2021 por sexo y edad se usa sólo para construir el escenario secundario de votantes probables: no modifica el resultado principal entre registrados ni estima propensión individual a votar. El modelo es una regresión logística bayesiana regularizada con efectos de sexo, edad, local y mesa, seguida de postestratificación; escalas territoriales/mesa fijadas, no hiperparámetros aprendidos. | G18: El prior histórico regulariza coeficientes y efectos territoriales; no agrega respuestas de olas digitales anteriores. La participación municipal histórica de 2021 por sexo y edad se usa sólo para construir el escenario secundario de votantes probables: no modifica el resultado principal entre registrados ni estima propensión individual a votar. El modelo es una regresión logística bayesiana regularizada con efectos de sexo, edad, local y mesa, seguida de postestratificación; escalas territoriales/mesa fijadas, no hiperparámetros aprendidos. | H18: El prior histórico regulariza coeficientes y efectos territoriales; no agrega respuestas de olas digitales anteriores. La participación municipal histórica de 2021 por sexo y edad se usa sólo para construir el escenario secundario de votantes probables: no modifica el resultado principal entre registrados ni estima propensión individual a votar. El modelo es una regresión logística bayesiana regularizada con efectos de sexo, edad, local y mesa, seguida de postestratificación; escalas territoriales/mesa fijadas, no hiperparámetros aprendidos. | I18: El prior histórico regulariza coeficientes y efectos territoriales; no agrega respuestas de olas digitales anteriores. La participación municipal histórica de 2021 por sexo y edad se usa sólo para construir el escenario secundario de votantes probables: no modifica el resultado principal entre registrados ni estima propensión individual a votar. El modelo es una regresión logística bayesiana regularizada con efectos de sexo, edad, local y mesa, seguida de postestratificación; escalas territoriales/mesa fijadas, no hiperparámetros aprendidos. | J18: El prior histórico regulariza coeficientes y efectos territoriales; no agrega respuestas de olas digitales anteriores. La participación municipal histórica de 2021 por sexo y edad se usa sólo para construir el escenario secundario de votantes probables: no modifica el resultado principal entre registrados ni estima propensión individual a votar. El modelo es una regresión logística bayesiana regularizada con efectos de sexo, edad, local y mesa, seguida de postestratificación; escalas territoriales/mesa fijadas, no hiperparámetros aprendidos.
A19: El prior histórico regulariza coeficientes y efectos territoriales; no agrega respuestas de olas digitales anteriores. La participación municipal histórica de 2021 por sexo y edad se usa sólo para construir el escenario secundario de votantes probables: no modifica el resultado principal entre registrados ni estima propensión individual a votar. El modelo es una regresión logística bayesiana regularizada con efectos de sexo, edad, local y mesa, seguida de postestratificación; escalas territoriales/mesa fijadas, no hiperparámetros aprendidos. | B19: El prior histórico regulariza coeficientes y efectos territoriales; no agrega respuestas de olas digitales anteriores. La participación municipal histórica de 2021 por sexo y edad se usa sólo para construir el escenario secundario de votantes probables: no modifica el resultado principal entre registrados ni estima propensión individual a votar. El modelo es una regresión logística bayesiana regularizada con efectos de sexo, edad, local y mesa, seguida de postestratificación; escalas territoriales/mesa fijadas, no hiperparámetros aprendidos. | C19: El prior histórico regulariza coeficientes y efectos territoriales; no agrega respuestas de olas digitales anteriores. La participación municipal histórica de 2021 por sexo y edad se usa sólo para construir el escenario secundario de votantes probables: no modifica el resultado principal entre registrados ni estima propensión individual a votar. El modelo es una regresión logística bayesiana regularizada con efectos de sexo, edad, local y mesa, seguida de postestratificación; escalas territoriales/mesa fijadas, no hiperparámetros aprendidos. | D19: El prior histórico regulariza coeficientes y efectos territoriales; no agrega respuestas de olas digitales anteriores. La participación municipal histórica de 2021 por sexo y edad se usa sólo para construir el escenario secundario de votantes probables: no modifica el resultado principal entre registrados ni estima propensión individual a votar. El modelo es una regresión logística bayesiana regularizada con efectos de sexo, edad, local y mesa, seguida de postestratificación; escalas territoriales/mesa fijadas, no hiperparámetros aprendidos. | E19: El prior histórico regulariza coeficientes y efectos territoriales; no agrega respuestas de olas digitales anteriores. La participación municipal histórica de 2021 por sexo y edad se usa sólo para construir el escenario secundario de votantes probables: no modifica el resultado principal entre registrados ni estima propensión individual a votar. El modelo es una regresión logística bayesiana regularizada con efectos de sexo, edad, local y mesa, seguida de postestratificación; escalas territoriales/mesa fijadas, no hiperparámetros aprendidos. | F19: El prior histórico regulariza coeficientes y efectos territoriales; no agrega respuestas de olas digitales anteriores. La participación municipal histórica de 2021 por sexo y edad se usa sólo para construir el escenario secundario de votantes probables: no modifica el resultado principal entre registrados ni estima propensión individual a votar. El modelo es una regresión logística bayesiana regularizada con efectos de sexo, edad, local y mesa, seguida de postestratificación; escalas territoriales/mesa fijadas, no hiperparámetros aprendidos. | G19: El prior histórico regulariza coeficientes y efectos territoriales; no agrega respuestas de olas digitales anteriores. La participación municipal histórica de 2021 por sexo y edad se usa sólo para construir el escenario secundario de votantes probables: no modifica el resultado principal entre registrados ni estima propensión individual a votar. El modelo es una regresión logística bayesiana regularizada con efectos de sexo, edad, local y mesa, seguida de postestratificación; escalas territoriales/mesa fijadas, no hiperparámetros aprendidos. | H19: El prior histórico regulariza coeficientes y efectos territoriales; no agrega respuestas de olas digitales anteriores. La participación municipal histórica de 2021 por sexo y edad se usa sólo para construir el escenario secundario de votantes probables: no modifica el resultado principal entre registrados ni estima propensión individual a votar. El modelo es una regresión logística bayesiana regularizada con efectos de sexo, edad, local y mesa, seguida de postestratificación; escalas territoriales/mesa fijadas, no hiperparámetros aprendidos. | I19: El prior histórico regulariza coeficientes y efectos territoriales; no agrega respuestas de olas digitales anteriores. La participación municipal histórica de 2021 por sexo y edad se usa sólo para construir el escenario secundario de votantes probables: no modifica el resultado principal entre registrados ni estima propensión individual a votar. El modelo es una regresión logística bayesiana regularizada con efectos de sexo, edad, local y mesa, seguida de postestratificación; escalas territoriales/mesa fijadas, no hiperparámetros aprendidos. | J19: El prior histórico regulariza coeficientes y efectos territoriales; no agrega respuestas de olas digitales anteriores. La participación municipal histórica de 2021 por sexo y edad se usa sólo para construir el escenario secundario de votantes probables: no modifica el resultado principal entre registrados ni estima propensión individual a votar. El modelo es una regresión logística bayesiana regularizada con efectos de sexo, edad, local y mesa, seguida de postestratificación; escalas territoriales/mesa fijadas, no hiperparámetros aprendidos.
A22: Qué corrige y qué no corrige | B22: Qué corrige y qué no corrige | C22: Qué corrige y qué no corrige | D22: Qué corrige y qué no corrige | E22: Qué corrige y qué no corrige | F22: Qué corrige y qué no corrige | G22: Qué corrige y qué no corrige | H22: Qué corrige y qué no corrige | I22: Qué corrige y qué no corrige | J22: Qué corrige y qué no corrige
A23: Componente | B23: Corrige | C23: No corrige | D23: Evidencia
A24: Calibración iterativa | B24: Sexo×edad y local | C24: Preferencia política dentro de celda | D24: Pesos y ESS Kish
A25: MRP | B25: Composición mediante postestratificación | C25: Variables políticas no observadas | D25: M1–M4
A26: Vínculo múltiple | B26: Incertidumbre de asignación | C26: Falta total de identidad estable | D26: pmax y entropía
A27: Participación | B27: Diferencia registrada/probable | C27: Propensión individual a votar | D27: Estimandos separados
A28: Curva Γ | B28: Estrés de selección no observada | C28: No identifica el sesgo real | D28: Escenarios
A29: Validación interna | B29: Dependencia del ajuste | C29: Representatividad poblacional | D29: Controles disponibles
A32: Trazabilidad de entradas | B32: Trazabilidad de entradas | C32: Trazabilidad de entradas | D32: Trazabilidad de entradas | E32: Trazabilidad de entradas | F32: Trazabilidad de entradas | G32: Trazabilidad de entradas | H32: Trazabilidad de entradas | I32: Trazabilidad de entradas | J32: Trazabilidad de entradas
A33: Archivo | B33: Bytes | C33: SHA-256 | D33: Uso
A34: resultados_agosto.json | B34: 36945 | C34: 729d3b49281877441c59e83dbd460507d3d12f8376b862375f6d0fb0848b508e | D34: Entrada del libro
A35: observaciones_agosto.csv | B35: 564427 | C35: 3da9cd7f0783776ace224be38c71e80c2e68b9f5f0c3deeea66310da7c5724b2 | D35: Entrada del libro
A36: celdas_agosto.csv | B36: 474852 | C36: 9fea6f47af6297733070657f5d33b21a8c1102eb4723adc3b3b4d28615cdf20e | D36: Entrada del libro
A37: modelos.csv | B37: 2126 | C37: 039ac54cb98dd3861eba43b55187d1f957046f00561ed3c2a4d3925fe1531f03 | D37: Entrada del libro
A38: sensibilidad_gamma.csv | B38: 3322 | C38: 260edefdbbb27ab2e025e1cd7a73303b99da6e977033d121eae8fb4bf603f6f9 | D38: Entrada del libro
A39: probabilidades_operativas.csv | B39: 273 | C39: 5ec93caf4e4c08e014bde762027eca26f8c14ddd22041ea89d02b6854a73ccf3 | D39: Entrada del libro
A40: posterior_modelos.npz | B40: 232593 | C40: dcca1b5cdad4d3ce0b67faf61777b3a9a4d11580090ea6f7489b263b8af4e98c | D40: Simulaciones M1–M4
A41: sensibilidades_agosto.json | B41: 14231 | C41: 8b09a6f32d1a58adb445a8bc860d0ec88940c98753a3a4b5762c2627b780717d | D41: Entrada del libro
A42: validaciones_agosto.json | B42: 26316 | C42: bd220ea6d2be3fa6cb5518725baa129178e561111ff219978ef2d2f078faeb98 | D42: Entrada del libro
A44: Privacidad y límites de difusión | B44: Privacidad y límites de difusión | C44: Privacidad y límites de difusión | D44: Privacidad y límites de difusión | E44: Privacidad y límites de difusión | F44: Privacidad y límites de difusión | G44: Privacidad y límites de difusión | H44: Privacidad y límites de difusión | I44: Privacidad y límites de difusión | J44: Privacidad y límites de difusión
